s,C,mol/mol,mol/mol
Time,"TEMP_KITCHEN","O2_KITCHEN","CO_KITCHEN"
 0.0000000E+000, 2.0000000E+001, 2.0755882E-001, 0.0000000E+000
 2.0196200E-001, 2.0000312E+001, 2.0755882E-001, 0.0000000E+000
 4.0392400E-001, 2.0062112E+001, 2.0755882E-001, 0.0000000E+000
 6.0588599E-001, 2.0232317E+001, 2.0755882E-001, 0.0000000E+000
 7.2018837E-001, 2.0357307E+001, 2.0755882E-001, 4.0021663E-028
 9.0465755E-001, 2.0481294E+001, 2.0755882E-001, 6.8376011E-026
 1.1038322E+000, 2.0779997E+001, 2.0755882E-001, 3.8464181E-024
 1.2622825E+000, 2.1269422E+001, 2.0755882E-001, 2.2168398E-023
 1.4450767E+000, 2.2035658E+001, 2.0755882E-001, 2.2753551E-011
 1.6270055E+000, 4.7452024E+002, 1.2714821E-001, 1.0348269E-003
 1.8066775E+000, 7.7549812E+002, 7.1442172E-002, 1.7414079E-003
 1.9825635E+000, 7.8318190E+002, 9.3605590E-002, 1.4543836E-003
 2.1671843E+000, 9.6969816E+002, 7.9680590E-002, 1.6473450E-003
 2.3460338E+000, 6.1072259E+002, 1.4225388E-001, 8.4896606E-004
 2.5244729E+000, 7.0990463E+002, 1.2962001E-001, 1.0029332E-003
 2.7067045E+000, 1.0412980E+003, 7.6071598E-002, 1.6741859E-003
 2.8834032E+000, 6.6226762E+002, 1.4011763E-001, 8.7902913E-004
 3.0601018E+000, 9.8594534E+002, 8.9189053E-002, 1.5179003E-003
 3.2462072E+000, 1.0947198E+003, 2.4049393E-002, 2.1975057E-003
 3.4230173E+000, 9.1270651E+002, 1.0361682E-001, 1.3331834E-003
 3.6007351E+000, 6.8914926E+002, 1.3328796E-001, 9.6329841E-004
 3.7804434E+000, 5.8116062E+002, 1.5046772E-001, 7.4583075E-004
 3.9612676E+000, 4.4351296E+002, 1.6626182E-001, 5.4011073E-004
 4.1463065E+000, 1.7152596E+002, 1.9510239E-001, 1.6308338E-004
 4.3245770E+000, 1.6268327E+002, 1.9560421E-001, 1.5646883E-004
 4.5032491E+000, 3.9231588E+002, 1.7256542E-001, 4.5717093E-004
 4.6804960E+000, 1.9405245E+002, 1.9304993E-001, 1.8995289E-004
 4.8645021E+000, 1.2665091E+002, 1.9916859E-001, 1.0986430E-004
 5.0406714E+000, 1.2817134E+002, 1.9915895E-001, 1.0995510E-004
 5.2207686E+000, 6.0594262E+001, 2.0516177E-001, 3.1392048E-005
 5.4022734E+000, 6.4845823E+001, 2.0466243E-001, 3.7928897E-005
 5.5805994E+000, 1.2888822E+002, 1.9861321E-001, 1.1717794E-004
 5.7664503E+000, 1.9082459E+002, 1.9297099E-001, 1.9100071E-004
 5.9406340E+000, 1.1067323E+002, 2.0077261E-001, 8.8895561E-005
 6.1255280E+000, 5.4898920E+001, 2.0561880E-001, 2.5416185E-005
 6.3086683E+000, 6.9477181E+001, 2.0390368E-001, 4.7884818E-005
 6.4845866E+000, 1.2506772E+002, 1.9867932E-001, 1.1630175E-004
 6.6641857E+000, 2.7431569E+002, 1.8278922E-001, 3.2399014E-004
 6.8448128E+000, 2.4389371E+002, 1.8579020E-001, 2.8467056E-004
 7.0260332E+000, 5.0724000E+002, 1.5140761E-001, 7.3333613E-004
 7.2004995E+000, 4.9900233E+002, 1.6022868E-001, 6.1917013E-004
 7.3841482E+000, 1.7903167E+002, 1.9452846E-001, 1.7059419E-004
 7.5687799E+000, 6.3028682E+002, 1.3486667E-001, 9.4728147E-004
 7.7440173E+000, 5.4834210E+002, 1.4706757E-001, 7.8793210E-004
 7.9229950E+000, 1.9565694E+002, 1.9218566E-001, 2.0089465E-004
 8.1012723E+000, 8.1026893E+002, 1.1593068E-001, 1.1959210E-003
 8.2801760E+000, 7.1713067E+002, 1.3232202E-001, 9.8043936E-004
 8.4612717E+000, 2.9419833E+002, 1.8366178E-001, 3.1284759E-004
 8.6437714E+000, 7.7361718E+002, 1.0307260E-001, 1.3506584E-003
 8.8204733E+000, 9.5544936E+002, 8.7469615E-002, 1.5559357E-003
 9.0058326E+000, 5.4635230E+002, 1.5078134E-001, 7.4020913E-004
 9.1831329E+000, 2.4448314E+002, 1.8903783E-001, 2.4247638E-004
 9.3676863E+000, 1.1853327E+002, 2.0041686E-001, 9.3510151E-005
 9.5426817E+000, 3.3387856E+002, 1.7406602E-001, 4.3708741E-004
 9.7203227E+000, 4.5244974E+002, 1.6261737E-001, 5.8671529E-004
 9.9012917E+000, 6.0073982E+002, 1.4888703E-001, 7.6613776E-004
 1.0087791E+001, 2.5482330E+002, 1.8651695E-001, 2.7529549E-004
 1.0262291E+001, 1.8093244E+002, 1.9397546E-001, 1.7781384E-004
 1.0448067E+001, 2.2437539E+002, 1.8902422E-001, 2.4260660E-004
 1.0623588E+001, 6.8531102E+002, 1.3467025E-001, 9.5133041E-004
 1.0805185E+001, 4.5106034E+002, 1.6485480E-001, 5.5798434E-004
 1.0981065E+001, 3.0722531E+002, 1.7870111E-001, 3.7586213E-004
 1.1162318E+001, 1.9470610E+002, 1.9227064E-001, 1.9992559E-004
 1.1343572E+001, 4.0624275E+002, 1.7049496E-001, 4.8519566E-004
 1.1523344E+001, 7.2671982E+002, 1.3308027E-001, 9.7312239E-004
 1.1701425E+001, 7.7143448E+002, 1.2757972E-001, 1.0443575E-003
 1.1885603E+001, 7.2792515E+002, 1.3114058E-001, 9.9658730E-004
 1.2064402E+001, 3.6118499E+002, 1.7682737E-001, 4.0216146E-004
 1.2249230E+001, 7.5710910E+002, 1.2345138E-001, 1.0974922E-003
 1.2426064E+001, 1.0281720E+003, 7.9402857E-002, 1.6669505E-003
 1.2600303E+001, 8.2853702E+002, 1.2019392E-001, 1.1370113E-003
 1.2786539E+001, 4.8761556E+002, 1.6238468E-001, 5.8972768E-004
 1.2963113E+001, 6.9710932E+002, 1.3620749E-001, 9.3257520E-004
 1.3145834E+001, 7.9937240E+002, 1.2193683E-001, 1.1185637E-003
 1.3321080E+001, 9.0019235E+002, 1.0713476E-001, 1.3075764E-003
 1.3507479E+001, 3.3962871E+002, 1.7964274E-001, 3.6523355E-004
 1.3683356E+001, 2.6474345E+002, 1.8742955E-001, 2.6360239E-004
 1.3869075E+001, 2.9619007E+002, 1.8381981E-001, 3.1069297E-004
 1.4048107E+001, 3.5883364E+002, 1.7754415E-001, 3.9291462E-004
 1.4226714E+001, 8.2612101E+002, 1.1134127E-001, 1.2524914E-003
 1.4402460E+001, 8.2751472E+002, 1.1442194E-001, 1.2145914E-003
 1.4582784E+001, 6.3670705E+002, 1.4244157E-001, 8.4932420E-004
 1.4762250E+001, 5.0248912E+002, 1.6073427E-001, 6.1217563E-004
 1.4945914E+001, 5.2988643E+002, 1.5859857E-001, 6.4037710E-004
 1.5126894E+001, 5.2740209E+002, 1.5622281E-001, 6.7107990E-004
 1.5307875E+001, 9.9881033E+002, 8.5075393E-002, 1.5901021E-003
 1.5480712E+001, 7.2239555E+002, 1.3198214E-001, 9.8556389E-004
 1.5660480E+001, 7.3617053E+002, 1.3070259E-001, 1.0036876E-003
 1.5841582E+001, 7.1777505E+002, 1.3248879E-001, 9.8088529E-004
 1.6021954E+001, 4.6368159E+002, 1.6568877E-001, 5.4782509E-004
 1.6206019E+001, 5.3063823E+002, 1.5594968E-001, 6.7394005E-004
 1.6386548E+001, 4.6461990E+002, 1.6803530E-001, 5.1722180E-004
 1.6564152E+001, 1.0046553E+003, 7.0639774E-002, 1.7453486E-003
 1.6741002E+001, 1.0535021E+003, 8.6900965E-002, 1.5684860E-003
 1.6928809E+001, 9.5364380E+002, 9.8734280E-002, 1.4174191E-003
 1.7105883E+001, 4.9656303E+002, 1.6534429E-001, 5.5234866E-004
 1.7288491E+001, 5.0422015E+002, 1.6301650E-001, 5.8250428E-004
 1.7464569E+001, 4.9532771E+002, 1.6006294E-001, 6.1881609E-004
 1.7641931E+001, 2.4368842E+002, 1.8979266E-001, 2.3271809E-004
 1.7820115E+001, 7.1951259E+002, 1.2613524E-001, 1.0627668E-003
 1.8002771E+001, 4.7247127E+002, 1.6188748E-001, 5.9731193E-004
 1.8190020E+001, 2.1608638E+002, 1.9104625E-001, 2.1634328E-004
 1.8364305E+001, 1.6835736E+002, 1.9570522E-001, 1.5530904E-004
 1.8543802E+001, 2.7283186E+002, 1.8375564E-001, 3.1163992E-004
 1.8728187E+001, 2.4661982E+002, 1.8801538E-001, 2.5602667E-004
 1.8901421E+001, 3.6659897E+002, 1.7508300E-001, 4.2527300E-004
 1.9082030E+001, 2.8974099E+002, 1.8281183E-001, 3.2413493E-004
 1.9262639E+001, 1.9342789E+002, 1.9236507E-001, 1.9905952E-004
 1.9447521E+001, 1.8756591E+002, 1.9309385E-001, 1.8951203E-004
 1.9622532E+001, 4.1733213E+002, 1.6977249E-001, 4.9473369E-004
 1.9803824E+001, 2.4659391E+002, 1.8787423E-001, 2.5785546E-004
 1.9990537E+001, 1.8135082E+002, 1.9348941E-001, 1.8433550E-004
 2.0162587E+001, 5.6021748E+002, 1.4248920E-001, 8.4685548E-004
 2.0340425E+001, 7.1591875E+002, 1.3808853E-001, 9.0620918E-004
 2.0529788E+001, 2.8431576E+002, 1.8498117E-001, 2.9569912E-004
 2.0703370E+001, 1.9851653E+002, 1.9190446E-001, 2.0498279E-004
 2.0882211E+001, 6.4853813E+002, 1.3573577E-001, 9.3597358E-004
 2.1068097E+001, 9.6182086E+002, 9.6971900E-002, 1.4390361E-003
 2.1242852E+001, 4.3545898E+002, 1.6921104E-001, 5.0153710E-004
 2.1428703E+001, 5.2610700E+002, 1.5605982E-001, 6.7353696E-004
 2.1601041E+001, 4.9843250E+002, 1.5926156E-001, 6.3178349E-004
 2.1788181E+001, 3.1165811E+002, 1.7950680E-001, 3.6708351E-004
 2.1965015E+001, 5.7602367E+002, 1.4965329E-001, 7.5581601E-004
 2.2146820E+001, 4.7803325E+002, 1.6071473E-001, 6.0992978E-004
 2.2325130E+001, 9.6427515E+002, 1.0214700E-001, 1.3739695E-003
 2.2506263E+001, 4.8846578E+002, 1.6817009E-001, 5.1515115E-004
 2.2680013E+001, 5.6059531E+002, 1.5440827E-001, 6.9486759E-004
 2.2866984E+001, 5.4737525E+002, 1.5529027E-001, 6.8335978E-004
 2.3045560E+001, 5.4365839E+002, 1.5601256E-001, 6.7404951E-004
 2.3220131E+001, 1.0022658E+003, 8.8082836E-002, 1.5528994E-003
 2.3403891E+001, 8.8551273E+002, 1.1096231E-001, 1.2599037E-003
 2.3585558E+001, 6.3860138E+002, 1.4595002E-001, 8.0480397E-004
 2.3760214E+001, 6.0492615E+002, 1.5086658E-001, 7.4164429E-004
 2.3945508E+001, 6.6680778E+002, 1.3949953E-001, 8.8911337E-004
 2.4126303E+001, 4.4123163E+002, 1.6785718E-001, 5.1978361E-004
 2.4306379E+001, 5.5147395E+002, 1.5519800E-001, 6.8462234E-004
 2.4490249E+001, 7.4210095E+002, 1.3022106E-001, 1.0099622E-003
 2.4668106E+001, 5.4018079E+002, 1.5903640E-001, 6.3491542E-004
 2.4845950E+001, 6.1270628E+002, 1.4836472E-001, 7.7289819E-004
 2.5023767E+001, 2.7971918E+002, 1.8471279E-001, 2.9925614E-004
 2.5208135E+001, 2.1055852E+002, 1.8971932E-001, 2.3373858E-004
 2.5383144E+001, 2.8591737E+002, 1.8125757E-001, 3.4417194E-004
 2.5562851E+001, 3.8090298E+002, 1.7086959E-001, 4.7993009E-004
 2.5743008E+001, 4.1146138E+002, 1.6818184E-001, 5.1516633E-004
 2.5923571E+001, 3.1985531E+002, 1.7866390E-001, 3.7853649E-004
 2.6106069E+001, 3.6696352E+002, 1.7411490E-001, 4.3806452E-004
 2.6285145E+001, 4.2125504E+002, 1.7025410E-001, 4.8842084E-004
 2.6464639E+001, 3.0866982E+002, 1.8113261E-001, 3.4618531E-004
 2.6640732E+001, 2.2992411E+002, 1.8795113E-001, 2.5690587E-004
 2.6823627E+001, 2.1732288E+002, 1.8916425E-001, 2.4101235E-004
 2.7010071E+001, 2.2065316E+002, 1.8886896E-001, 2.4487736E-004
 2.7182063E+001, 4.4856622E+002, 1.6490899E-001, 5.5825290E-004
 2.7360125E+001, 6.9373384E+002, 1.3606517E-001, 9.3529708E-004
 2.7542821E+001, 4.2843357E+002, 1.6835073E-001, 5.1349745E-004
 2.7729898E+001, 3.1891584E+002, 1.7931111E-001, 3.7007621E-004
 2.7909272E+001, 2.2752374E+002, 1.8806155E-001, 2.5545894E-004
 2.8082008E+001, 7.4280468E+002, 1.1787883E-001, 1.1672704E-003
 2.8268629E+001, 5.6865467E+002, 1.4707920E-001, 7.9123946E-004
 2.8446521E+001, 2.6035673E+002, 1.8409473E-001, 3.0735895E-004
 2.8620946E+001, 2.8260114E+002, 1.8170099E-001, 3.3869517E-004
 2.8807121E+001, 2.6920523E+002, 1.8341063E-001, 3.1637025E-004
 2.8982311E+001, 3.6054753E+002, 1.7558269E-001, 4.1892693E-004
 2.9161589E+001, 7.5695957E+002, 1.2059121E-001, 1.1342477E-003
 2.9341001E+001, 6.4544951E+002, 1.4084925E-001, 8.7232560E-004
 2.9522652E+001, 3.4437112E+002, 1.7526959E-001, 4.2293181E-004
 2.9700038E+001, 3.0309095E+002, 1.7982067E-001, 3.6337000E-004
 2.9889526E+001, 4.2398229E+002, 1.6712790E-001, 5.2935051E-004
 3.0061751E+001, 4.4628712E+002, 1.6484449E-001, 5.5885392E-004
 3.0243813E+001, 8.4873535E+002, 1.1283557E-001, 1.2368917E-003
 3.0426217E+001, 4.6309038E+002, 1.6166019E-001, 6.0068556E-004
 3.0605932E+001, 3.0260066E+002, 1.7944594E-001, 3.6826983E-004
 3.0785647E+001, 2.8495321E+002, 1.8091472E-001, 3.4900153E-004
 3.0965362E+001, 3.2795515E+002, 1.7603572E-001, 4.1288754E-004
 3.1145077E+001, 4.2867231E+002, 1.6706531E-001, 5.3034176E-004
 3.1324971E+001, 5.0260863E+002, 1.5737760E-001, 6.5651821E-004
 3.1505752E+001, 3.7784773E+002, 1.7272085E-001, 4.5623163E-004
 3.1688436E+001, 2.5197275E+002, 1.8415476E-001, 3.0662997E-004
 3.1861475E+001, 2.9634676E+002, 1.7924494E-001, 3.7084453E-004
 3.2044619E+001, 2.5383343E+002, 1.8374243E-001, 3.1203923E-004
 3.2229465E+001, 2.6495256E+002, 1.8223353E-001, 3.3171860E-004
 3.2407809E+001, 6.2323037E+002, 1.4578253E-001, 8.0797386E-004
 3.2587800E+001, 5.2091791E+002, 1.5507889E-001, 6.8600574E-004
 3.2767791E+001, 2.6390545E+002, 1.8175229E-001, 3.3807967E-004
 3.2940182E+001, 3.8135836E+002, 1.6874220E-001, 5.0816877E-004
 3.3128270E+001, 7.1300458E+002, 1.3212836E-001, 9.8689028E-004
 3.3308984E+001, 3.9873732E+002, 1.6785718E-001, 5.1993102E-004
 3.3485478E+001, 3.6298149E+002, 1.7181100E-001, 4.6776776E-004
 3.3666819E+001, 5.7829720E+002, 1.5388593E-001, 7.0205885E-004
 3.3846138E+001, 4.1901566E+002, 1.6933754E-001, 5.0046421E-004
 3.4026895E+001, 2.8084969E+002, 1.7963046E-001, 3.6581352E-004
 3.4200897E+001, 4.8585621E+002, 1.5849687E-001, 6.4199847E-004
 3.4382150E+001, 5.4742717E+002, 1.5761250E-001, 6.5373830E-004
 3.4563413E+001, 3.4094352E+002, 1.7499967E-001, 4.2641777E-004
 3.4742405E+001, 3.7341211E+002, 1.6813226E-001, 5.1575544E-004
 3.4925219E+001, 7.8178715E+002, 1.2797668E-001, 1.0410803E-003
 3.5108970E+001, 9.0400388E+002, 1.0829691E-001, 1.2966521E-003
 3.5288641E+001, 7.9334963E+002, 1.2571714E-001, 1.0701294E-003
 3.5466132E+001, 6.6896510E+002, 1.4392004E-001, 8.3298812E-004
 3.5647139E+001, 5.2686006E+002, 1.5769194E-001, 6.5254846E-004
 3.5828770E+001, 3.0233012E+002, 1.7818140E-001, 3.8483682E-004
 3.6006389E+001, 4.5617607E+002, 1.5770881E-001, 6.5150456E-004
 3.6185948E+001, 6.4919158E+002, 1.4014409E-001, 8.8174613E-004
 3.6364822E+001, 4.0748750E+002, 1.6792243E-001, 5.1922420E-004
 3.6540093E+001, 8.5119094E+002, 1.1499975E-001, 1.2107957E-003
 3.6725457E+001, 9.6893562E+002, 9.9044576E-002, 1.4178365E-003
 3.6908195E+001, 9.6347386E+002, 1.0260959E-001, 1.3687115E-003
 3.7081677E+001, 8.3081639E+002, 1.2216064E-001, 1.1156478E-003
 3.7263560E+001, 6.1221227E+002, 1.4717089E-001, 7.8981014E-004
 3.7440824E+001, 5.1040020E+002, 1.5488949E-001, 6.8911126E-004
 3.7628722E+001, 3.7229285E+002, 1.6854774E-001, 5.1084077E-004
 3.7808957E+001, 4.5157314E+002, 1.5925374E-001, 6.3244348E-004
 3.7981655E+001, 4.4605965E+002, 1.5962214E-001, 6.2750626E-004
 3.8165148E+001, 1.0305923E+003, 8.5632982E-002, 1.5895928E-003
 3.8348640E+001, 9.2808004E+002, 1.0518024E-001, 1.3374450E-003
 3.8521338E+001, 6.8953479E+002, 1.3368312E-001, 9.6561372E-004
 3.8701882E+001, 4.2673637E+002, 1.6336346E-001, 5.7881956E-004
 3.8887740E+001, 3.0005322E+002, 1.7533822E-001, 4.2212191E-004
 3.9063331E+001, 2.7032959E+002, 1.7790897E-001, 3.8847641E-004
 3.9245313E+001, 5.7698042E+002, 1.4130485E-001, 8.6378218E-004
 3.9423433E+001, 1.0607790E+003, 8.2406557E-002, 1.6301549E-003
 3.9606461E+001, 9.2382897E+002, 1.0533680E-001, 1.3351530E-003
 3.9786928E+001, 4.8381926E+002, 1.5499141E-001, 6.8794620E-004
 3.9965107E+001, 3.8863410E+002, 1.6558823E-001, 5.4976856E-004
 4.0141852E+001, 2.9180950E+002, 1.7576876E-001, 4.1649271E-004
 4.0321912E+001, 6.2263268E+002, 1.3445670E-001, 9.5727883E-004
 4.0508788E+001, 1.1083946E+003, 6.7663258E-002, 1.8187794E-003
 4.0684416E+001, 6.1981775E+002, 1.4294627E-001, 8.4578244E-004
 4.0864116E+001, 4.1223830E+002, 1.6279892E-001, 5.8604068E-004
 4.1051749E+001, 3.1453159E+002, 1.7195520E-001, 4.6632614E-004
 4.1225248E+001, 3.5303021E+002, 1.6711922E-001, 5.2963150E-004
 4.1403659E+001, 4.7677159E+002, 1.5435689E-001, 6.9631662E-004
 4.1587804E+001, 6.4159049E+002, 1.3844997E-001, 9.0482148E-004
 4.1761426E+001, 4.5202650E+002, 1.5858454E-001, 6.4130820E-004
 4.1946623E+001, 3.6699436E+002, 1.6738484E-001, 5.2629042E-004
 4.2129784E+001, 3.0639245E+002, 1.7367735E-001, 4.4391596E-004
 4.2307856E+001, 3.1112625E+002, 1.7320590E-001, 4.5009320E-004
 4.2482469E+001, 2.9719419E+002, 1.7349961E-001, 4.4620831E-004
 4.2664159E+001, 4.5804549E+002, 1.5396747E-001, 7.0157824E-004
 4.2843332E+001, 4.9684112E+002, 1.5093810E-001, 7.4090188E-004
 4.3024281E+001, 4.7918590E+002, 1.5528915E-001, 6.8460497E-004
 4.3203197E+001, 2.8612407E+002, 1.7379916E-001, 4.4232926E-004
 4.3390282E+001, 7.1342007E+002, 1.1899291E-001, 1.1531751E-003
 4.3562562E+001, 6.3906431E+002, 1.3667783E-001, 9.2767749E-004
 4.3748874E+001, 3.3950383E+002, 1.6819319E-001, 5.1574022E-004
 4.3927769E+001, 2.7505710E+002, 1.7478091E-001, 4.2946691E-004
 4.4104898E+001, 3.0665831E+002, 1.7130603E-001, 4.7494580E-004
 4.4283880E+001, 7.4546514E+002, 1.2278614E-001, 1.1081210E-003
 4.4467308E+001, 4.1655476E+002, 1.6040913E-001, 6.1768272E-004
 4.4644154E+001, 3.9258763E+002, 1.6202248E-001, 5.9630796E-004
 4.4825452E+001, 3.5992761E+002, 1.6594045E-001, 5.4513162E-004
 4.5001733E+001, 3.1886241E+002, 1.7052484E-001, 4.8514918E-004
 4.5187807E+001, 2.8789884E+002, 1.7352649E-001, 4.4588970E-004
 4.5361150E+001, 2.7064337E+002, 1.7507330E-001, 4.2563628E-004
 4.5549673E+001, 3.8613373E+002, 1.6389696E-001, 5.7196691E-004
 4.5720183E+001, 6.1222495E+002, 1.3980816E-001, 8.8710478E-004
 4.5903980E+001, 6.7663032E+002, 1.3159019E-001, 9.9467743E-004
 4.6084722E+001, 3.5669314E+002, 1.6549349E-001, 5.5105141E-004
 4.6269786E+001, 3.0588640E+002, 1.7055374E-001, 4.8478931E-004
 4.6444027E+001, 3.2138170E+002, 1.6970323E-001, 4.9593870E-004
 4.6628693E+001, 5.1516257E+002, 1.4700666E-001, 7.9301796E-004
 4.6800619E+001, 4.0219545E+002, 1.6151687E-001, 6.0323123E-004
 4.6984007E+001, 5.1205842E+002, 1.4964268E-001, 7.5838291E-004
 4.7169524E+001, 5.0096051E+002, 1.5005143E-001, 7.5294405E-004
 4.7348647E+001, 3.1121624E+002, 1.6987902E-001, 4.9366335E-004
 4.7521977E+001, 4.0060897E+002, 1.5959566E-001, 6.2780021E-004
 4.7700725E+001, 3.2028782E+002, 1.6881534E-001, 5.0756658E-004
 4.7883911E+001, 5.4166076E+002, 1.4513378E-001, 8.1699284E-004
 4.8065388E+001, 6.0093976E+002, 1.3585349E-001, 9.3751774E-004
 4.8247332E+001, 3.4265366E+002, 1.6477453E-001, 5.6023575E-004
 4.8422572E+001, 3.1886619E+002, 1.6803476E-001, 5.1777711E-004
 4.8601643E+001, 3.2715178E+002, 1.6780213E-001, 5.2087783E-004
 4.8783903E+001, 3.8886932E+002, 1.6092487E-001, 6.1057331E-004
 4.8970294E+001, 7.4949738E+002, 1.2372764E-001, 1.0968879E-003
 4.9150569E+001, 5.3879764E+002, 1.4677799E-001, 7.9563133E-004
 4.9324568E+001, 3.6982085E+002, 1.6466270E-001, 5.6195332E-004
 4.9501863E+001, 3.0056181E+002, 1.7083568E-001, 4.8115324E-004
 4.9692183E+001, 2.8134665E+002, 1.7261145E-001, 4.5786051E-004
 4.9860181E+001, 6.2220747E+002, 1.3596543E-001, 9.3727426E-004
 5.0049089E+001, 7.3746348E+002, 1.2594350E-001, 1.0675910E-003
 5.0224498E+001, 3.5758760E+002, 1.6731055E-001, 5.2730722E-004
 5.0406729E+001, 2.9712636E+002, 1.7258117E-001, 4.5827996E-004
 5.0583601E+001, 2.8541079E+002, 1.7302179E-001, 4.5251454E-004
 5.0760386E+001, 3.9558612E+002, 1.5937998E-001, 6.3029428E-004
 5.0948361E+001, 4.0405426E+002, 1.5704207E-001, 6.6142143E-004
 5.1123778E+001, 2.9513078E+002, 1.6889675E-001, 5.0654029E-004
 5.1302941E+001, 2.7424703E+002, 1.7141185E-001, 4.7360744E-004
 5.1488426E+001, 2.7851301E+002, 1.7119730E-001, 4.7642073E-004
 5.1661160E+001, 3.1550191E+002, 1.6761369E-001, 5.2333999E-004
 5.1852442E+001, 4.1623820E+002, 1.5919553E-001, 6.3364806E-004
 5.2030972E+001, 7.0045593E+002, 1.2887171E-001, 1.0306188E-003
 5.2200417E+001, 4.9951666E+002, 1.4929760E-001, 7.6301006E-004
 5.2384068E+001, 3.3257025E+002, 1.6617576E-001, 5.4220767E-004
 5.2565775E+001, 3.8292288E+002, 1.6010660E-001, 6.2164402E-004
 5.2742021E+001, 3.1091569E+002, 1.6681117E-001, 5.3387428E-004
 5.2924351E+001, 2.9521266E+002, 1.6804365E-001, 5.1773538E-004
 5.3111144E+001, 2.7991187E+002, 1.6951013E-001, 4.9852611E-004
 5.3289641E+001, 2.7238907E+002, 1.7034467E-001, 4.8759345E-004
 5.3465025E+001, 6.1395320E+002, 1.3356685E-001, 9.6835545E-004
 5.3644752E+001, 7.6902064E+002, 1.1759861E-001, 1.1739587E-003
 5.3822938E+001, 4.5115859E+002, 1.5219044E-001, 7.2533339E-004
 5.4008831E+001, 3.6806058E+002, 1.6043454E-001, 6.1740866E-004
 5.4189807E+001, 3.4086049E+002, 1.6212759E-001, 5.9515104E-004
 5.4366917E+001, 8.3587129E+002, 9.9465901E-002, 1.4119265E-003
 5.4541125E+001, 4.5778628E+002, 1.4897737E-001, 7.6720862E-004
 5.4728669E+001, 3.9276570E+002, 1.5799094E-001, 6.4937971E-004
 5.4904178E+001, 3.5918022E+002, 1.6131679E-001, 6.0587351E-004
 5.5085602E+001, 4.1162372E+002, 1.5564866E-001, 6.8001032E-004
 5.5270520E+001, 4.6502013E+002, 1.4958687E-001, 7.5941743E-004
 5.5447286E+001, 4.0001092E+002, 1.5612453E-001, 6.7389212E-004
 5.5629506E+001, 2.9821721E+002, 1.6584967E-001, 5.4648813E-004
 5.5809590E+001, 2.8537227E+002, 1.6712620E-001, 5.2976285E-004
 5.5986579E+001, 2.9818226E+002, 1.6547093E-001, 5.5143995E-004
 5.6164403E+001, 4.4014332E+002, 1.5028251E-001, 7.5032505E-004
 5.6344503E+001, 3.3757445E+002, 1.6192817E-001, 5.9785139E-004
 5.6523189E+001, 3.0265130E+002, 1.6510792E-001, 5.5618878E-004
 5.6709067E+001, 5.2221004E+002, 1.3952075E-001, 8.9067462E-004
 5.6889752E+001, 3.2911953E+002, 1.6086687E-001, 6.1173189E-004
 5.7061402E+001, 2.8471174E+002, 1.6609319E-001, 5.4329543E-004
 5.7246145E+001, 3.3428990E+002, 1.6110263E-001, 6.0858002E-004
 5.7430334E+001, 3.8107141E+002, 1.5591904E-001, 6.7641361E-004
 5.7608347E+001, 2.7729115E+002, 1.6666158E-001, 5.3584893E-004
 5.7791080E+001, 2.8154206E+002, 1.6653458E-001, 5.3750686E-004
 5.7966916E+001, 3.3860536E+002, 1.6087436E-001, 6.1162866E-004
 5.8145640E+001, 2.9961829E+002, 1.6441796E-001, 5.6522880E-004
 5.8321226E+001, 5.6947344E+002, 1.3785028E-001, 9.1296641E-004
 5.8506141E+001, 4.1364301E+002, 1.5404926E-001, 7.0097220E-004
 5.8687446E+001, 3.3938456E+002, 1.6015788E-001, 6.2096050E-004
 5.8868751E+001, 2.7427066E+002, 1.6602462E-001, 5.4419585E-004
 5.9051122E+001, 2.8981772E+002, 1.6505051E-001, 5.5695795E-004
 5.9227094E+001, 3.2390299E+002, 1.6177627E-001, 5.9975224E-004
 5.9409761E+001, 3.2640634E+002, 1.6161451E-001, 6.0193172E-004
 5.9589798E+001, 2.9584174E+002, 1.6461030E-001, 5.6272180E-004
 5.9763084E+001, 2.8155577E+002, 1.6604631E-001, 5.4391152E-004
 5.9944621E+001, 3.3189560E+002, 1.6174091E-001, 6.0030538E-004
 6.0126159E+001, 5.0782268E+002, 1.4518637E-001, 8.1688050E-004
 6.0304219E+001, 3.7077955E+002, 1.5827314E-001, 6.4568023E-004
 6.0488346E+001, 3.1994456E+002, 1.6277070E-001, 5.8679755E-004
 6.0663620E+001, 2.6916355E+002, 1.6770822E-001, 5.2213677E-004
 6.0841621E+001, 2.7402562E+002, 1.6772289E-001, 5.2193782E-004
 6.1030139E+001, 2.6953732E+002, 1.6807695E-001, 5.1730217E-004
 6.1206874E+001, 2.8710489E+002, 1.6618235E-001, 5.4210720E-004
 6.1389931E+001, 3.5391627E+002, 1.6059326E-001, 6.1533207E-004
 6.1564228E+001, 2.8937804E+002, 1.6460280E-001, 5.6281654E-004
 6.1741548E+001, 2.5151516E+002, 1.6648212E-001, 5.3820181E-004
 6.1923522E+001, 2.7393321E+002, 1.6437048E-001, 5.6586861E-004
 6.2109452E+001, 2.6616297E+002, 1.6441863E-001, 5.6523223E-004
 6.2284696E+001, 2.6469824E+002, 1.6373035E-001, 5.7424991E-004
 6.2466680E+001, 2.8570110E+002, 1.6127834E-001, 6.0631904E-004
 6.2641729E+001, 3.6520127E+002, 1.5334816E-001, 7.1016355E-004
 6.2825200E+001, 3.8229331E+002, 1.5204118E-001, 7.2717549E-004
 6.3004595E+001, 6.0887618E+002, 1.2944038E-001, 1.0230375E-003
 6.3188474E+001, 3.8168198E+002, 1.5517428E-001, 6.8632605E-004
 6.3361141E+001, 3.0350751E+002, 1.6164875E-001, 6.0152814E-004
 6.3541208E+001, 5.3805909E+002, 1.3669332E-001, 9.2787270E-004
 6.3721007E+001, 5.1630125E+002, 1.3632851E-001, 9.3085554E-004
 6.3908733E+001, 4.8636145E+002, 1.4122550E-001, 8.6837481E-004
 6.4082787E+001, 5.6714222E+002, 1.3667856E-001, 9.2779289E-004
 6.4270481E+001, 8.3697418E+002, 9.9227163E-002, 1.4071999E-003
 6.4448052E+001, 8.8275873E+002, 9.7136230E-002, 1.4414010E-003
 6.4627409E+001, 8.3025147E+002, 1.0323883E-001, 1.3631362E-003
 6.4806513E+001, 4.1082166E+002, 1.4976186E-001, 7.5698892E-004
 6.4988055E+001, 5.0598961E+002, 1.3740376E-001, 9.1848402E-004
 6.5162369E+001, 9.6769205E+002, 8.2490585E-002, 1.6318907E-003
 6.5342146E+001, 7.6765694E+002, 1.0858346E-001, 1.2941602E-003
 6.5527052E+001, 5.1830253E+002, 1.3929848E-001, 8.9396880E-004
 6.5709112E+001, 5.1702339E+002, 1.3915284E-001, 8.9588122E-004
 6.5885065E+001, 6.0026150E+002, 1.2972286E-001, 1.0193379E-003
 6.6061017E+001, 7.7343768E+002, 1.0723367E-001, 1.3118384E-003
 6.6248713E+001, 5.5829321E+002, 1.3132821E-001, 9.9782338E-004
 6.6426712E+001, 4.8062547E+002, 1.3971202E-001, 8.8752220E-004
 6.6600939E+001, 9.1282518E+002, 8.8100767E-002, 1.5585617E-003
 6.6788944E+001, 6.1888119E+002, 1.2476950E-001, 1.0812396E-003
 6.6962778E+001, 3.4094967E+002, 1.5566502E-001, 6.7982678E-004
 6.7142431E+001, 3.0705694E+002, 1.5934404E-001, 6.3172203E-004
 6.7327424E+001, 3.0850103E+002, 1.5919242E-001, 6.3367893E-004
 6.7508679E+001, 6.1941910E+002, 1.2350184E-001, 1.0987486E-003
 6.7687477E+001, 4.2951327E+002, 1.4696107E-001, 7.9380932E-004
 6.7867904E+001, 4.5159198E+002, 1.4473457E-001, 8.2301272E-004
 6.8046007E+001, 5.4258829E+002, 1.3458012E-001, 9.5569012E-004
 6.8228873E+001, 4.3167806E+002, 1.4490872E-001, 8.2060639E-004
 6.8400422E+001, 4.5291755E+002, 1.4321603E-001, 8.4283268E-004
 6.8590171E+001, 4.7822283E+002, 1.4027398E-001, 8.8137322E-004
 6.8761553E+001, 4.3566654E+002, 1.4522588E-001, 8.1652245E-004
 6.8940640E+001, 4.9233534E+002, 1.4084980E-001, 8.7380345E-004
 6.9122942E+001, 5.4960061E+002, 1.3369163E-001, 9.6745648E-004
 6.9308675E+001, 5.4550916E+002, 1.3278609E-001, 9.7909763E-004
 6.9484835E+001, 4.4393823E+002, 1.4470455E-001, 8.2346509E-004
 6.9661969E+001, 3.2826006E+002, 1.5464763E-001, 6.9326022E-004
 6.9843532E+001, 3.0245281E+002, 1.5656478E-001, 6.6814230E-004
 7.0027894E+001, 2.9634531E+002, 1.5686927E-001, 6.6414586E-004
 7.0207076E+001, 3.4461665E+002, 1.5167233E-001, 7.3216699E-004
 7.0389236E+001, 4.3984399E+002, 1.4492669E-001, 8.2050141E-004
 7.0561809E+001, 4.8595164E+002, 1.4084038E-001, 8.7410485E-004
 7.0743202E+001, 3.7055730E+002, 1.4995163E-001, 7.5476602E-004
 7.0924162E+001, 5.1817263E+002, 1.3453725E-001, 9.5634019E-004
 7.1104445E+001, 3.8215628E+002, 1.4776670E-001, 7.8336786E-004
 7.1286217E+001, 3.0670821E+002, 1.5500751E-001, 6.8851460E-004
 7.1469413E+001, 4.2381159E+002, 1.4425970E-001, 8.2910132E-004
 7.1643115E+001, 5.0101240E+002, 1.3874094E-001, 9.0158141E-004
 7.1828397E+001, 3.2955982E+002, 1.5358769E-001, 7.0714231E-004
 7.2004875E+001, 3.1548713E+002, 1.5397810E-001, 7.0201997E-004
 7.2184842E+001, 2.8633465E+002, 1.5629113E-001, 6.7172786E-004
 7.2371602E+001, 2.8239872E+002, 1.5640733E-001, 6.7020517E-004
 7.2545910E+001, 2.8299013E+002, 1.5615616E-001, 6.7349475E-004
 7.2720218E+001, 3.4463770E+002, 1.5040411E-001, 7.4883926E-004
 7.2901455E+001, 4.1394861E+002, 1.4379443E-001, 8.3542545E-004
 7.3089646E+001, 3.4521925E+002, 1.4971864E-001, 7.5778123E-004
 7.3261924E+001, 3.1421719E+002, 1.5297554E-001, 7.1516126E-004
 7.3440902E+001, 5.6270070E+002, 1.2617610E-001, 1.0656036E-003
 7.3624091E+001, 4.6054006E+002, 1.3760329E-001, 9.1641875E-004
 7.3809386E+001, 3.5230189E+002, 1.4959807E-001, 7.5941263E-004
 7.3980783E+001, 3.9282444E+002, 1.4582462E-001, 8.0882529E-004
 7.4161631E+001, 4.2451015E+002, 1.4288021E-001, 8.4737159E-004
 7.4347666E+001, 3.2895712E+002, 1.5173526E-001, 7.3140019E-004
 7.4523516E+001, 6.4978484E+002, 1.1643606E-001, 1.1928057E-003
 7.4703131E+001, 4.4635805E+002, 1.3891958E-001, 8.9893791E-004
 7.4883862E+001, 4.6083970E+002, 1.3718530E-001, 9.2119727E-004
 7.5063886E+001, 7.2734378E+002, 1.0859018E-001, 1.2947631E-003
 7.5247605E+001, 4.0096303E+002, 1.4483666E-001, 8.2173758E-004
 7.5422137E+001, 5.6394277E+002, 1.2689493E-001, 1.0564448E-003
 7.5611877E+001, 7.4161013E+002, 1.0719440E-001, 1.3131182E-003
 7.5783343E+001, 5.2293725E+002, 1.3085274E-001, 1.0038315E-003
 7.5966114E+001, 7.6115105E+002, 1.0081921E-001, 1.3932726E-003
 7.6145871E+001, 6.4034639E+002, 1.1973420E-001, 1.1491104E-003
 7.6325430E+001, 6.3855337E+002, 1.2077892E-001, 1.1361820E-003
 7.6508711E+001, 4.7345773E+002, 1.3641084E-001, 9.3155521E-004
 7.6685864E+001, 3.1880317E+002, 1.5256697E-001, 7.2050103E-004
 7.6863333E+001, 3.5134023E+002, 1.4940764E-001, 7.6186703E-004
 7.7040958E+001, 4.4360599E+002, 1.3920618E-001, 8.9466097E-004
 7.7228874E+001, 4.5462440E+002, 1.3788257E-001, 9.1228246E-004
 7.7404050E+001, 2.9471482E+002, 1.5416208E-001, 6.9962168E-004
 7.7581810E+001, 3.0974177E+002, 1.5238457E-001, 7.2284053E-004
 7.7768635E+001, 4.3521594E+002, 1.4105733E-001, 8.7121868E-004
 7.7943004E+001, 3.4391427E+002, 1.4971285E-001, 7.5790250E-004
 7.8125678E+001, 4.4911823E+002, 1.3737588E-001, 9.1772913E-004
 7.8308351E+001, 5.6892176E+002, 1.2469981E-001, 1.0845879E-003
 7.8491024E+001, 3.0328646E+002, 1.5294187E-001, 7.1559919E-004
 7.8662280E+001, 2.6475390E+002, 1.5630805E-001, 6.7150450E-004
 7.8850662E+001, 3.2781417E+002, 1.4941588E-001, 7.6113336E-004
 7.9021009E+001, 6.2989936E+002, 1.1675959E-001, 1.1875496E-003
 7.9204857E+001, 4.0872784E+002, 1.4100041E-001, 8.7197397E-004
 7.9383271E+001, 9.6463398E+002, 7.0244866E-002, 1.7860611E-003
 7.9563667E+001, 1.0036753E+003, 6.5480940E-002, 1.8400543E-003
 7.9748961E+001, 1.0089426E+003, 6.7952767E-002, 1.8147754E-003
 7.9922945E+001, 9.5469761E+002, 7.4069054E-002, 1.7332795E-003
 8.0104092E+001, 7.2203519E+002, 1.0346765E-001, 1.3609164E-003
 8.0287594E+001, 5.9258814E+002, 1.1623469E-001, 1.1939850E-003
 8.0460964E+001, 1.2442725E+003, 1.4251041E-002, 2.4570814E-003
 8.0643740E+001, 7.8646433E+002, 9.6669205E-002, 1.4461436E-003
 8.0827532E+001, 5.2979941E+002, 1.2632077E-001, 1.0634353E-003
 8.1000662E+001, 5.2153446E+002, 1.2661234E-001, 1.0600275E-003
 8.1184962E+001, 4.0312776E+002, 1.3861873E-001, 9.0293720E-004
 8.1368033E+001, 5.2774501E+002, 1.2504645E-001, 1.0802415E-003
 8.1544150E+001, 5.6301158E+002, 1.2136632E-001, 1.1288500E-003
 8.1728939E+001, 5.8916842E+002, 1.1797380E-001, 1.1700174E-003
 8.1904502E+001, 7.9042193E+002, 9.6136946E-002, 1.4572083E-003
 8.2085610E+001, 7.4171393E+002, 1.0141391E-001, 1.3895067E-003
 8.2266533E+001, 7.9011673E+002, 9.1906817E-002, 1.5081794E-003
 8.2440516E+001, 4.1817782E+002, 1.3522601E-001, 9.4642985E-004
 8.2629639E+001, 3.8087973E+002, 1.3908457E-001, 8.9652896E-004
 8.2805823E+001, 5.8579014E+002, 1.1564292E-001, 1.2002554E-003
 8.2981010E+001, 7.4354401E+002, 9.8475458E-002, 1.4245051E-003
 8.3167771E+001, 7.8716220E+002, 9.3283036E-002, 1.4937480E-003
 8.3345851E+001, 3.6786327E+002, 1.4075150E-001, 8.7514141E-004
 8.3520431E+001, 3.3186428E+002, 1.4529745E-001, 8.1576586E-004
 8.3708198E+001, 5.0401818E+002, 1.2659313E-001, 1.0605714E-003
 8.3886017E+001, 5.4484835E+002, 1.2266780E-001, 1.1114029E-003
 8.4068821E+001, 3.7659396E+002, 1.3902037E-001, 8.9779314E-004
 8.4248176E+001, 2.9656363E+002, 1.4531719E-001, 8.1548587E-004
 8.4421552E+001, 2.8793764E+002, 1.4642646E-001, 8.0097490E-004
 8.4600210E+001, 2.9278056E+002, 1.4760150E-001, 7.8558262E-004
 8.4781059E+001, 3.3659286E+002, 1.4316601E-001, 8.4361543E-004
 8.4960349E+001, 4.3211630E+002, 1.3185900E-001, 9.9149784E-004
 8.5142073E+001, 3.7599730E+002, 1.3780498E-001, 9.1389479E-004
 8.5330168E+001, 3.3525100E+002, 1.4216055E-001, 8.5686932E-004
 8.5504538E+001, 3.0681482E+002, 1.4478834E-001, 8.2244094E-004
 8.5682720E+001, 4.0225186E+002, 1.3512933E-001, 9.4886176E-004
 8.5867341E+001, 3.5784630E+002, 1.3899572E-001, 8.9830747E-004
 8.6045622E+001, 2.9342379E+002, 1.4514004E-001, 8.1783339E-004
 8.6222789E+001, 2.8738149E+002, 1.4589431E-001, 8.0795154E-004
 8.6406124E+001, 2.8778838E+002, 1.4588925E-001, 8.0801681E-004
 8.6589510E+001, 2.8656055E+002, 1.4557726E-001, 8.1210549E-004
 8.6770738E+001, 2.8799880E+002, 1.4512912E-001, 8.1797750E-004
 8.6949917E+001, 2.8844415E+002, 1.4510973E-001, 8.1823161E-004
 8.7124316E+001, 2.8601537E+002, 1.4550701E-001, 8.1302621E-004
 8.7300425E+001, 2.8512792E+002, 1.4538435E-001, 8.1463043E-004
 8.7483881E+001, 2.8137627E+002, 1.4499318E-001, 8.1975546E-004
 8.7664405E+001, 2.7454880E+002, 1.4537089E-001, 8.1480957E-004
 8.7847176E+001, 2.7131499E+002, 1.4539069E-001, 8.1455035E-004
 8.8020429E+001, 2.7144287E+002, 1.4519224E-001, 8.1715046E-004
 8.8209462E+001, 2.7202099E+002, 1.4529859E-001, 8.1575711E-004
 8.8388487E+001, 2.7562008E+002, 1.4533231E-001, 8.1531322E-004
 8.8570084E+001, 2.8830027E+002, 1.4416886E-001, 8.3054996E-004
 8.8745101E+001, 2.8348516E+002, 1.4485719E-001, 8.2153858E-004
 8.8928506E+001, 3.0786315E+002, 1.4271182E-001, 8.4961596E-004
 8.9100367E+001, 3.8646057E+002, 1.3413273E-001, 9.6153037E-004
 8.9282976E+001, 3.2774958E+002, 1.4076831E-001, 8.7505004E-004
 8.9465585E+001, 2.7098341E+002, 1.4646742E-001, 8.0044145E-004
 8.9643897E+001, 2.6386700E+002, 1.4678597E-001, 7.9626239E-004
 8.9821988E+001, 4.6105633E+002, 1.2563587E-001, 1.0728538E-003
 9.0000883E+001, 4.0361242E+002, 1.3188348E-001, 9.9109227E-004
 9.0184671E+001, 2.7689460E+002, 1.4308873E-001, 8.4467012E-004
 9.0364522E+001, 2.5479056E+002, 1.4426768E-001, 8.2924643E-004
 9.0542185E+001, 3.0870316E+002, 1.3917252E-001, 8.9580648E-004
 9.0724584E+001, 7.6234814E+002, 9.1192155E-002, 1.5215924E-003
 9.0910580E+001, 8.0196479E+002, 8.7635735E-002, 1.5676846E-003
 9.1089688E+001, 8.8676371E+002, 7.3942441E-002, 1.7420526E-003
 9.1269633E+001, 3.7758091E+002, 1.3360646E-001, 9.6871733E-004
 9.1449179E+001, 3.2397064E+002, 1.3889926E-001, 8.9949375E-004
 9.1630624E+001, 7.5331649E+002, 8.8252612E-002, 1.5587693E-003
 9.1811233E+001, 7.9320483E+002, 8.3698389E-002, 1.6155424E-003
 9.1982448E+001, 4.7772958E+002, 1.2319110E-001, 1.1050030E-003
 9.2163421E+001, 5.7944650E+002, 1.1182610E-001, 1.2522546E-003
 9.2345286E+001, 6.6114822E+002, 1.0177221E-001, 1.3840172E-003
 9.2522384E+001, 6.3479307E+002, 1.0517650E-001, 1.3403257E-003
 9.2706772E+001, 7.4494978E+002, 8.9501645E-002, 1.5425922E-003
 9.2882811E+001, 1.0170544E+003, 5.2272315E-002, 2.0156051E-003
 9.3068128E+001, 5.5347347E+002, 1.1496494E-001, 1.2114990E-003
 9.3241454E+001, 6.5169532E+002, 1.0205217E-001, 1.3779306E-003
 9.3424917E+001, 9.6699139E+002, 6.0521034E-002, 1.9114833E-003
 9.3604624E+001, 1.0988844E+003, 3.9434122E-002, 2.1705664E-003
 9.3787734E+001, 1.1499331E+003, 3.4231941E-002, 2.2446838E-003
 9.3970979E+001, 1.1865626E+003, 2.9878779E-002, 2.2997124E-003
 9.4146347E+001, 8.7954911E+002, 7.5909125E-002, 1.7168786E-003
 9.4330484E+001, 1.0983586E+003, 3.9346200E-002, 2.1693842E-003
 9.4504284E+001, 7.3971289E+002, 9.0452113E-002, 1.5315835E-003
 9.4683024E+001, 8.2650605E+002, 7.6824423E-002, 1.7003276E-003
 9.4863441E+001, 8.0893318E+002, 7.7805419E-002, 1.6865550E-003
 9.5044985E+001, 8.2384375E+002, 7.5444898E-002, 1.7163363E-003
 9.5221117E+001, 1.0703502E+003, 4.3731196E-002, 2.1277981E-003
 9.5412133E+001, 1.0758774E+003, 4.6423908E-002, 2.0979050E-003
 9.5587313E+001, 1.1717568E+003, 3.4830953E-002, 2.2435249E-003
 9.5765534E+001, 9.9727976E+002, 6.0447642E-002, 1.9145894E-003
 9.5950686E+001, 7.0977252E+002, 9.4333570E-002, 1.4800825E-003
 9.6130393E+001, 4.8525748E+002, 1.1716244E-001, 1.1832042E-003
 9.6304590E+001, 8.9820386E+002, 5.5184611E-002, 1.9364360E-003
 9.6483178E+001, 7.8753251E+002, 7.9523665E-002, 1.6655979E-003
 9.6668923E+001, 6.0207569E+002, 1.0331098E-001, 1.3624326E-003
 9.6850197E+001, 4.9215619E+002, 1.1639345E-001, 1.1933456E-003
 9.7025715E+001, 5.1828825E+002, 1.1324348E-001, 1.2351152E-003
 9.7203001E+001, 4.0092856E+002, 1.2452188E-001, 1.0872617E-003
 9.7389841E+001, 1.0228856E+003, 5.0001170E-002, 2.0406195E-003
 9.7565004E+001, 9.6532275E+002, 6.2869128E-002, 1.8894440E-003
 9.7743830E+001, 8.6464119E+002, 7.7566533E-002, 1.6983285E-003
 9.7923071E+001, 8.8434890E+002, 7.3177614E-002, 1.7519279E-003
 9.8107084E+001, 1.0531829E+003, 3.8968198E-002, 2.1654976E-003
 9.8284381E+001, 7.4747918E+002, 8.4147058E-002, 1.6059590E-003
 9.8469536E+001, 4.3284867E+002, 1.2267792E-001, 1.1116686E-003
 9.8647754E+001, 3.6545153E+002, 1.2881663E-001, 1.0313838E-003
 9.8829908E+001, 4.5830775E+002, 1.1736931E-001, 1.1805496E-003
 9.9002005E+001, 5.6642484E+002, 1.0749520E-001, 1.3104073E-003
 9.9182367E+001, 5.6333917E+002, 1.0687551E-001, 1.3166135E-003
 9.9368229E+001, 3.2939222E+002, 1.3219663E-001, 9.8731587E-004
 9.9548504E+001, 2.8873059E+002, 1.3674566E-001, 9.2781622E-004
 9.9728325E+001, 2.9027621E+002, 1.3681223E-001, 9.2693025E-004
 9.9907240E+001, 4.9154884E+002, 1.1389399E-001, 1.2260309E-003
 1.0008268E+002, 4.9491807E+002, 1.1481641E-001, 1.2148731E-003
 1.0027027E+002, 3.2855023E+002, 1.3240726E-001, 9.8464740E-004
 1.0044043E+002, 3.0334480E+002, 1.3581726E-001, 9.3997802E-004
 1.0062893E+002, 3.3432228E+002, 1.3225580E-001, 9.8657549E-004
 1.0080431E+002, 2.9709926E+002, 1.3557535E-001, 9.4315046E-004
 1.0098495E+002, 3.0184425E+002, 1.3516280E-001, 9.4854768E-004
 1.0117031E+002, 4.4456463E+002, 1.2125839E-001, 1.1305591E-003
 1.0135045E+002, 3.2575719E+002, 1.3291315E-001, 9.7802053E-004
 1.0152609E+002, 2.9448757E+002, 1.3528327E-001, 9.4697974E-004
 1.0170966E+002, 2.9667139E+002, 1.3540243E-001, 9.4541739E-004
 1.0188461E+002, 3.7660439E+002, 1.2686632E-001, 1.0570325E-003
 1.0206175E+002, 3.4132262E+002, 1.2951109E-001, 1.0225407E-003
 1.0224457E+002, 3.0906257E+002, 1.3302748E-001, 9.7651416E-004
 1.0242571E+002, 3.9531684E+002, 1.2467674E-001, 1.0857802E-003
 1.0260370E+002, 3.8222604E+002, 1.2449429E-001, 1.0880933E-003
 1.0278170E+002, 3.2720018E+002, 1.2942187E-001, 1.0236750E-003
 1.0296734E+002, 2.8859092E+002, 1.3367082E-001, 9.6809786E-004
 1.0315015E+002, 2.8221024E+002, 1.3456469E-001, 9.5639077E-004
 1.0332553E+002, 4.6293894E+002, 1.1341998E-001, 1.2323319E-003
 1.0350081E+002, 4.4268734E+002, 1.1571898E-001, 1.2028722E-003
 1.0369160E+002, 2.9152987E+002, 1.3224161E-001, 9.8682667E-004
 1.0386353E+002, 3.8871679E+002, 1.2077716E-001, 1.1341445E-003
 1.0404102E+002, 8.0020783E+002, 7.1365448E-002, 1.7779164E-003
 1.0422960E+002, 5.2207955E+002, 1.0654013E-001, 1.3227175E-003
 1.0440931E+002, 5.1337638E+002, 1.0694334E-001, 1.3171542E-003
 1.0458741E+002, 7.8841249E+002, 7.5137753E-002, 1.7322865E-003
 1.0477057E+002, 4.0107810E+002, 1.2022380E-001, 1.1438841E-003
 1.0494942E+002, 6.0945681E+002, 9.4620081E-002, 1.4773825E-003
 1.0512601E+002, 8.7286527E+002, 6.0912928E-002, 1.9029724E-003
 1.0530121E+002, 4.8587487E+002, 1.0987016E-001, 1.2776603E-003
 1.0548794E+002, 6.2993237E+002, 9.3470628E-002, 1.4913650E-003
 1.0566188E+002, 8.9243779E+002, 6.2939507E-002, 1.8816848E-003
 1.0584613E+002, 9.9697922E+002, 4.8778264E-002, 2.0681798E-003
 1.0602392E+002, 6.1270412E+002, 9.5858867E-002, 1.4602496E-003
 1.0620171E+002, 9.3426613E+002, 4.8418419E-002, 2.0468114E-003
 1.0638825E+002, 1.0604763E+003, 4.0772694E-002, 2.1660093E-003
 1.0656311E+002, 8.5313209E+002, 6.9909084E-002, 1.7980001E-003
 1.0674771E+002, 1.0571146E+003, 3.3556115E-002, 2.2414844E-003
 1.0692711E+002, 1.0400734E+003, 4.3142381E-002, 2.1336329E-003
 1.0710252E+002, 9.0581921E+002, 6.2023051E-002, 1.8993052E-003
 1.0728889E+002, 9.4863048E+002, 5.3334528E-002, 1.9979146E-003
 1.0746430E+002, 1.1834043E+003, 8.7256898E-003, 2.5249625E-003
 1.0765068E+002, 8.6293066E+002, 6.8629910E-002, 1.8124806E-003
 1.0782719E+002, 9.3967267E+002, 5.7900019E-002, 1.9505517E-003
 1.0800173E+002, 9.4730142E+002, 5.4542317E-002, 1.9965563E-003
 1.0818280E+002, 7.6643966E+002, 7.8278742E-002, 1.6896209E-003
 1.0836205E+002, 5.7568201E+002, 1.0158640E-001, 1.3873337E-003
 1.0855061E+002, 7.7550525E+002, 7.5865809E-002, 1.7220657E-003
 1.0872729E+002, 5.4469499E+002, 1.0315369E-001, 1.3674330E-003
 1.0891072E+002, 7.9467488E+002, 7.4840283E-002, 1.7361889E-003
 1.0909053E+002, 9.2025347E+002, 4.9046353E-002, 2.0254619E-003
 1.0926775E+002, 1.1262170E+003, 1.8664655E-002, 2.3929566E-003
 1.0944159E+002, 8.7689975E+002, 6.4978672E-002, 1.8542363E-003
 1.0963008E+002, 5.8017692E+002, 1.0132027E-001, 1.3907715E-003
 1.0981062E+002, 9.2203137E+002, 5.8714732E-002, 1.9450425E-003
 1.0998321E+002, 9.6674928E+002, 4.9764848E-002, 2.0562165E-003
 1.1016056E+002, 1.0733605E+003, 3.1615567E-002, 2.2885660E-003
 1.1034144E+002, 1.0767347E+003, 3.0273113E-002, 2.2893480E-003
 1.1052175E+002, 9.1005620E+002, 5.7964593E-002, 1.9496858E-003
 1.1070808E+002, 9.1729742E+002, 5.8194964E-002, 1.9490369E-003
 1.1088187E+002, 5.1696441E+002, 1.0568915E-001, 1.3334096E-003
 1.1107053E+002, 5.0928844E+002, 1.0668558E-001, 1.3206399E-003
 1.1124912E+002, 4.5848164E+002, 1.1192257E-001, 1.2527768E-003
 1.1143173E+002, 4.9066874E+002, 1.0668777E-001, 1.3210689E-003
 1.1160251E+002, 6.6036261E+002, 8.7160342E-002, 1.5760970E-003
 1.1178417E+002, 3.5524627E+002, 1.2035050E-001, 1.1424931E-003
 1.1196264E+002, 3.8124725E+002, 1.1759816E-001, 1.1786332E-003
 1.1214935E+002, 8.5559497E+002, 6.1076010E-002, 1.9099894E-003
 1.1232493E+002, 9.9982257E+002, 4.1428771E-002, 2.1531829E-003
 1.1250398E+002, 4.4859670E+002, 1.1056666E-001, 1.2706327E-003
 1.1268081E+002, 3.3213566E+002, 1.2209661E-001, 1.1197291E-003
 1.1286912E+002, 4.2015885E+002, 1.1372747E-001, 1.2293171E-003
 1.1304567E+002, 4.4587401E+002, 1.1143006E-001, 1.2594300E-003
 1.1322221E+002, 4.3340151E+002, 1.1351048E-001, 1.2321965E-003
 1.1341052E+002, 3.4011675E+002, 1.2264427E-001, 1.1125786E-003
 1.1359060E+002, 3.1647861E+002, 1.2469587E-001, 1.0856931E-003
 1.1376092E+002, 3.2650765E+002, 1.2371069E-001, 1.0986040E-003
 1.1394993E+002, 3.0880400E+002, 1.2518257E-001, 1.0793242E-003
 1.1412282E+002, 3.0505441E+002, 1.2551749E-001, 1.0749363E-003
 1.1430338E+002, 2.9727871E+002, 1.2606199E-001, 1.0678021E-003
 1.1449115E+002, 2.9256198E+002, 1.2607329E-001, 1.0676541E-003
 1.1466962E+002, 2.9254535E+002, 1.2556581E-001, 1.0743033E-003
 1.1484754E+002, 3.0004158E+002, 1.2433187E-001, 1.0904710E-003
 1.1502546E+002, 3.0532709E+002, 1.2363425E-001, 1.0996115E-003
 1.1520338E+002, 3.0480624E+002, 1.2369576E-001, 1.0988054E-003
 1.1538076E+002, 3.0198131E+002, 1.2398352E-001, 1.0950352E-003
 1.1556925E+002, 2.9879871E+002, 1.2400112E-001, 1.0948045E-003
 1.1574307E+002, 2.9682800E+002, 1.2362702E-001, 1.0997062E-003
 1.1592931E+002, 2.9544985E+002, 1.2309503E-001, 1.1066765E-003
 1.1610728E+002, 2.9511535E+002, 1.2285403E-001, 1.1098342E-003
 1.1629100E+002, 2.9511580E+002, 1.2285061E-001, 1.1098789E-003
 1.1647001E+002, 3.0453185E+002, 1.2262770E-001, 1.1127995E-003
 1.1664902E+002, 3.0194668E+002, 1.2281714E-001, 1.1103172E-003
 1.1682803E+002, 2.9074500E+002, 1.2362616E-001, 1.0997173E-003
 1.1700705E+002, 2.8808943E+002, 1.2388072E-001, 1.0963819E-003
 1.1718606E+002, 2.8718160E+002, 1.2388188E-001, 1.0963667E-003
 1.1737104E+002, 2.8168521E+002, 1.2404629E-001, 1.0942127E-003
 1.1754170E+002, 3.2663753E+002, 1.1969606E-001, 1.1511770E-003
 1.1772644E+002, 3.4791813E+002, 1.1759709E-001, 1.1786841E-003
 1.1790053E+002, 3.5906131E+002, 1.1623729E-001, 1.1964418E-003
 1.1808871E+002, 4.1220635E+002, 1.1041521E-001, 1.2726715E-003
 1.1826056E+002, 3.0642940E+002, 1.2100135E-001, 1.1340913E-003
 1.1844960E+002, 3.5083322E+002, 1.1646166E-001, 1.1935802E-003
 1.1862361E+002, 7.3650677E+002, 7.1153140E-002, 1.7813148E-003
 1.1880323E+002, 5.8893189E+002, 8.9577682E-002, 1.5445569E-003
 1.1898901E+002, 5.3344836E+002, 9.8311758E-002, 1.4309373E-003
 1.1916348E+002, 5.1516585E+002, 9.8483660E-002, 1.4286413E-003
 1.1934121E+002, 6.0598697E+002, 8.9364659E-002, 1.5464635E-003
 1.1952759E+002, 4.3424374E+002, 1.0829100E-001, 1.3001940E-003
 1.1970741E+002, 8.0392623E+002, 6.4319363E-002, 1.8704844E-003
 1.1988435E+002, 7.3066021E+002, 7.4597567E-002, 1.7391614E-003
 1.2006296E+002, 6.5681904E+002, 7.9493071E-002, 1.6652446E-003
 1.2024300E+002, 8.0072277E+002, 6.4176185E-002, 1.8662703E-003
 1.2043097E+002, 7.3465574E+002, 7.4618991E-002, 1.7377320E-003
 1.2060109E+002, 6.5415629E+002, 8.2506218E-002, 1.6365463E-003
 1.2078759E+002, 4.3545515E+002, 1.0654828E-001, 1.3231182E-003
 1.2096647E+002, 5.6215002E+002, 9.3231071E-002, 1.4974086E-003
 1.2114555E+002, 3.5099179E+002, 1.1585105E-001, 1.2014724E-003
 1.2132772E+002, 3.8142493E+002, 1.1299502E-001, 1.2387181E-003
 1.2150778E+002, 6.0431475E+002, 8.9708261E-002, 1.5437003E-003
 1.2168095E+002, 4.5916692E+002, 1.0392460E-001, 1.3575603E-003
 1.2187013E+002, 3.3288833E+002, 1.1603102E-001, 1.1991816E-003
 1.2204235E+002, 2.8352364E+002, 1.2057189E-001, 1.1397261E-003
 1.2223123E+002, 4.4851915E+002, 1.0419652E-001, 1.3538519E-003
 1.2240549E+002, 5.8634819E+002, 8.8854141E-002, 1.5527084E-003
 1.2258271E+002, 4.1590333E+002, 1.0923809E-001, 1.2879799E-003
 1.2276738E+002, 2.9972001E+002, 1.1888054E-001, 1.1618892E-003
 1.2295322E+002, 4.7339426E+002, 1.0056628E-001, 1.4014432E-003
 1.2313107E+002, 4.2704951E+002, 1.0470409E-001, 1.3473934E-003
 1.2330722E+002, 3.2148839E+002, 1.1559838E-001, 1.2048698E-003
 1.2348336E+002, 2.9883926E+002, 1.1791198E-001, 1.1745836E-003
 1.2367208E+002, 3.0669466E+002, 1.1736449E-001, 1.1817531E-003
 1.2385325E+002, 3.3945328E+002, 1.1426759E-001, 1.2222873E-003
 1.2402348E+002, 5.0600061E+002, 9.5880417E-002, 1.4626508E-003
 1.2421083E+002, 5.4192013E+002, 9.1154262E-002, 1.5248466E-003
 1.2438127E+002, 5.2200337E+002, 9.3546606E-002, 1.4932767E-003
 1.2456710E+002, 4.1583998E+002, 1.0645228E-001, 1.3245168E-003
 1.2474683E+002, 5.1365345E+002, 9.5528989E-002, 1.4670509E-003
 1.2492655E+002, 6.5181922E+002, 7.8585802E-002, 1.6881417E-003
 1.2510361E+002, 4.7810805E+002, 1.0042405E-001, 1.4033367E-003
 1.2528654E+002, 3.5143779E+002, 1.1382512E-001, 1.2280862E-003
 1.2546539E+002, 3.1117171E+002, 1.1770136E-001, 1.1773409E-003
 1.2565189E+002, 2.9158715E+002, 1.1881339E-001, 1.1627740E-003
 1.2582132E+002, 2.9133634E+002, 1.1853837E-001, 1.1663689E-003
 1.2600095E+002, 7.6437600E+002, 6.6210257E-002, 1.8493037E-003
 1.2619081E+002, 5.7030126E+002, 8.9840075E-002, 1.5415897E-003
 1.2636322E+002, 3.8049377E+002, 1.0966282E-001, 1.2826121E-003
 1.2654795E+002, 3.2454053E+002, 1.1469294E-001, 1.2167567E-003
 1.2672063E+002, 3.1174594E+002, 1.1579650E-001, 1.2022955E-003
 1.2690962E+002, 2.8381586E+002, 1.1720721E-001, 1.1838196E-003
 1.2709224E+002, 2.7535039E+002, 1.1741309E-001, 1.1811232E-003
 1.2726511E+002, 2.7521574E+002, 1.1717493E-001, 1.1842421E-003
 1.2744678E+002, 2.7299589E+002, 1.1687626E-001, 1.1881561E-003
 1.2762844E+002, 2.6948356E+002, 1.1665957E-001, 1.1909962E-003
 1.2781037E+002, 2.7066300E+002, 1.1660837E-001, 1.1916670E-003
 1.2798283E+002, 2.7299306E+002, 1.1695251E-001, 1.1871580E-003
 1.2816145E+002, 2.7508030E+002, 1.1737640E-001, 1.1816041E-003
 1.2835115E+002, 2.7689427E+002, 1.1705393E-001, 1.1858292E-003
 1.2852443E+002, 2.7574067E+002, 1.1605005E-001, 1.1989785E-003
 1.2870471E+002, 4.4042054E+002, 9.7847365E-002, 1.4351372E-003
 1.2889074E+002, 4.5451670E+002, 9.7595140E-002, 1.4401450E-003
 1.2906367E+002, 3.2051623E+002, 1.1128909E-001, 1.2613397E-003
 1.2924121E+002, 2.9076900E+002, 1.1491469E-001, 1.2138553E-003
 1.2943143E+002, 2.9378424E+002, 1.1505358E-001, 1.2120160E-003
 1.2960897E+002, 3.0381327E+002, 1.1430642E-001, 1.2217056E-003
 1.2978651E+002, 7.2119036E+002, 6.8774213E-002, 1.8135962E-003
 1.2996974E+002, 3.7962041E+002, 1.0808506E-001, 1.3032202E-003
 1.3014467E+002, 3.4793844E+002, 1.1145886E-001, 1.2590691E-003
 1.3032429E+002, 2.9214316E+002, 1.1544172E-001, 1.2069368E-003
 1.3050537E+002, 2.8669354E+002, 1.1489539E-001, 1.2141023E-003
 1.3068822E+002, 2.8841745E+002, 1.1397664E-001, 1.2261411E-003
 1.3086868E+002, 2.7971967E+002, 1.1400207E-001, 1.2258150E-003
 1.3104656E+002, 2.7709408E+002, 1.1424206E-001, 1.2226712E-003
 1.3122315E+002, 2.7551677E+002, 1.1465706E-001, 1.2172333E-003
 1.3141010E+002, 2.8122338E+002, 1.1465604E-001, 1.2172440E-003
 1.3158122E+002, 2.7822430E+002, 1.1538964E-001, 1.2076349E-003
 1.3176602E+002, 3.0469320E+002, 1.1354140E-001, 1.2318422E-003
 1.3194169E+002, 3.0953004E+002, 1.1196050E-001, 1.2525467E-003
 1.3212992E+002, 2.8056493E+002, 1.1461937E-001, 1.2177245E-003
 1.3230560E+002, 2.8848351E+002, 1.1427226E-001, 1.2222751E-003
 1.3248127E+002, 2.9723036E+002, 1.1293653E-001, 1.2397750E-003
 1.3266824E+002, 2.7234914E+002, 1.1469851E-001, 1.2166899E-003
 1.3285036E+002, 3.0826209E+002, 1.1156156E-001, 1.2577919E-003
 1.3302734E+002, 2.9526364E+002, 1.1233769E-001, 1.2476214E-003
 1.3320217E+002, 3.0840466E+002, 1.1065315E-001, 1.2696161E-003
 1.3339109E+002, 3.0207962E+002, 1.1061303E-001, 1.2701309E-003
 1.3356194E+002, 2.6887142E+002, 1.1364597E-001, 1.2304671E-003
 1.3374094E+002, 2.6449077E+002, 1.1404363E-001, 1.2252672E-003
 1.3392407E+002, 2.6222636E+002, 1.1389505E-001, 1.2272172E-003
 1.3410937E+002, 2.5978300E+002, 1.1383988E-001, 1.2279407E-003
 1.3429152E+002, 2.5821386E+002, 1.1380602E-001, 1.2283845E-003
 1.3446156E+002, 2.5718173E+002, 1.1367000E-001, 1.2301667E-003
 1.3464400E+002, 2.5641359E+002, 1.1350509E-001, 1.2323275E-003
 1.3484063E+002, 2.5770061E+002, 1.1327883E-001, 1.2352920E-003
 1.3501901E+002, 2.6253473E+002, 1.1303635E-001, 1.2384691E-003
 1.3520409E+002, 2.6669230E+002, 1.1291131E-001, 1.2401073E-003
 1.3537319E+002, 2.6870412E+002, 1.1254176E-001, 1.2449494E-003
 1.3556476E+002, 2.6904599E+002, 1.1171366E-001, 1.2557992E-003
 1.3573999E+002, 2.6829501E+002, 1.1101578E-001, 1.2649428E-003
 1.3591523E+002, 2.6824294E+002, 1.1095157E-001, 1.2657839E-003
 1.3609983E+002, 2.6825744E+002, 1.1120493E-001, 1.2624644E-003
 1.3626809E+002, 2.6803220E+002, 1.1139511E-001, 1.2599726E-003
 1.3646551E+002, 2.6751039E+002, 1.1132033E-001, 1.2609522E-003
 1.3663518E+002, 2.6687701E+002, 1.1107586E-001, 1.2641552E-003
 1.3680484E+002, 2.6626181E+002, 1.1092725E-001, 1.2661022E-003
 1.3698129E+002, 2.6565853E+002, 1.1087381E-001, 1.2668021E-003
 1.3716792E+002, 2.6491269E+002, 1.1083013E-001, 1.2673744E-003
 1.3735455E+002, 2.6382251E+002, 1.1076547E-001, 1.2682216E-003
 1.3754118E+002, 2.6252239E+002, 1.1069548E-001, 1.2691386E-003
 1.3771207E+002, 2.6120493E+002, 1.1065723E-001, 1.2696397E-003
 1.3791575E+002, 2.5975632E+002, 1.1066839E-001, 1.2694935E-003
 1.3806267E+002, 2.5827680E+002, 1.1072004E-001, 1.2688169E-003
 1.3825366E+002, 2.5663219E+002, 1.1077995E-001, 1.2680319E-003
 1.3845567E+002, 2.5483822E+002, 1.1068586E-001, 1.2692646E-003
 1.3862132E+002, 2.5352787E+002, 1.1038467E-001, 1.2732105E-003
 1.3879909E+002, 2.5266799E+002, 1.0998196E-001, 1.2784865E-003
 1.3896253E+002, 2.5221870E+002, 1.0971143E-001, 1.2820307E-003
 1.3914894E+002, 2.5142824E+002, 1.0974656E-001, 1.2815702E-003
 1.3932529E+002, 2.5010274E+002, 1.0999049E-001, 1.2783742E-003
 1.3952376E+002, 2.4837822E+002, 1.1028358E-001, 1.2745340E-003
 1.3969390E+002, 2.4643907E+002, 1.1057053E-001, 1.2707743E-003
 1.3989283E+002, 2.4448799E+002, 1.1083204E-001, 1.2673480E-003
 1.4007219E+002, 2.4266686E+002, 1.1104443E-001, 1.2645651E-003
 1.4023792E+002, 2.4077947E+002, 1.1125878E-001, 1.2617567E-003
 1.4041248E+002, 2.3831512E+002, 1.1151213E-001, 1.2584374E-003
 1.4061252E+002, 2.3518695E+002, 1.1174572E-001, 1.2553767E-003
 1.4078149E+002, 2.3258990E+002, 1.1187947E-001, 1.2536239E-003
 1.4095468E+002, 2.3076520E+002, 1.1191755E-001, 1.2531244E-003
 1.4114055E+002, 2.2892922E+002, 1.1182500E-001, 1.2543361E-003
 1.4130550E+002, 2.2714396E+002, 1.1158742E-001, 1.2574472E-003
 1.4151582E+002, 2.2535131E+002, 1.1119391E-001, 1.2625980E-003
 1.4169035E+002, 2.2425433E+002, 1.1068165E-001, 1.2692991E-003
 1.4184794E+002, 2.2412222E+002, 1.1031452E-001, 1.2740857E-003
 1.4204329E+002, 2.2390169E+002, 1.1022220E-001, 1.2752405E-003
 1.4224793E+002, 2.2302840E+002, 1.1041327E-001, 1.2726300E-003
 1.4240141E+002, 2.2100625E+002, 1.1075505E-001, 1.2679928E-003
 1.4259187E+002, 2.1875749E+002, 1.1105382E-001, 1.2636908E-003
 1.4276813E+002, 2.1643792E+002, 1.1128113E-001, 1.2592635E-003
 1.4294881E+002, 2.1420418E+002, 1.1140417E-001, 1.2545846E-003
 1.4314270E+002, 2.1196227E+002, 1.1145135E-001, 1.2492511E-003
 1.4330266E+002, 2.1030770E+002, 1.1146393E-001, 1.2448179E-003
 1.4346262E+002, 2.0935808E+002, 1.1147229E-001, 1.2419992E-003
 1.4366188E+002, 2.0885678E+002, 1.1151823E-001, 1.2399968E-003
 1.4384710E+002, 2.0883485E+002, 1.1154211E-001, 1.2391508E-003
 1.4403232E+002, 2.0919851E+002, 1.1151993E-001, 1.2392852E-003
 1.4421754E+002, 2.0980041E+002, 1.1143814E-001, 1.2404726E-003
 1.4440276E+002, 2.1037003E+002, 1.1135521E-001, 1.2413288E-003
 1.4454168E+002, 2.1088548E+002, 1.1127350E-001, 1.2415808E-003
 1.4472690E+002, 2.1158715E+002, 1.1116753E-001, 1.2418828E-003
 1.4491212E+002, 2.1239695E+002, 1.1108788E-001, 1.2430481E-003
 1.4509734E+002, 2.1276821E+002, 1.1110954E-001, 1.2447076E-003
 1.4529183E+002, 2.1273123E+002, 1.1121320E-001, 1.2466826E-003
 1.4544463E+002, 2.1228914E+002, 1.1132240E-001, 1.2480147E-003
 1.4564264E+002, 2.1123601E+002, 1.1139800E-001, 1.2480710E-003
 1.4582346E+002, 2.0978504E+002, 1.1141607E-001, 1.2474117E-003
 1.4600879E+002, 2.0834639E+002, 1.1139701E-001, 1.2466835E-003
 1.4620768E+002, 2.0696011E+002, 1.1137496E-001, 1.2457239E-003
 1.4635685E+002, 2.0577275E+002, 1.1134976E-001, 1.2445811E-003
 1.4655575E+002, 2.0458821E+002, 1.1131860E-001, 1.2431743E-003
 1.4670492E+002, 2.0336792E+002, 1.1128342E-001, 1.2417553E-003
 1.4690381E+002, 2.0212496E+002, 1.1125556E-001, 1.2403863E-003
 1.4710271E+002, 2.0073544E+002, 1.1121658E-001, 1.2394417E-003
 1.4725188E+002, 1.9957465E+002, 1.1116649E-001, 1.2395008E-003
 1.4743187E+002, 1.9847300E+002, 1.1109723E-001, 1.2404466E-003
 1.4762294E+002, 1.9676854E+002, 1.1098223E-001, 1.2424170E-003
 1.4781401E+002, 1.9413054E+002, 1.1082835E-001, 1.2458910E-003
 1.4800508E+002, 1.9060141E+002, 1.1074588E-001, 1.2490442E-003
 1.4815794E+002, 1.8726379E+002, 1.1067397E-001, 1.2501567E-003
 1.4836812E+002, 1.8440294E+002, 1.1059665E-001, 1.2498282E-003
 1.4852028E+002, 1.8284118E+002, 1.1057498E-001, 1.2494021E-003
 1.4871328E+002, 1.8227277E+002, 1.1058220E-001, 1.2498796E-003
 1.4888825E+002, 1.8203852E+002, 1.1059967E-001, 1.2504915E-003
 1.4906322E+002, 1.8204686E+002, 1.1064908E-001, 1.2502496E-003
 1.4923819E+002, 1.8226217E+002, 1.1075954E-001, 1.2487114E-003
 1.4943000E+002, 1.8273614E+002, 1.1090707E-001, 1.2472427E-003
 1.4960671E+002, 1.8319154E+002, 1.1104580E-001, 1.2476826E-003
 1.4979017E+002, 1.8335457E+002, 1.1110245E-001, 1.2502569E-003
 1.4996642E+002, 1.8321866E+002, 1.1111117E-001, 1.2533440E-003
 1.5012241E+002, 1.8300655E+002, 1.1113806E-001, 1.2561865E-003
 1.5032518E+002, 1.8270370E+002, 1.1113984E-001, 1.2587343E-003
 1.5051527E+002, 1.8223163E+002, 1.1109476E-001, 1.2608923E-003
 1.5071138E+002, 1.8157322E+002, 1.1101769E-001, 1.2624219E-003
 1.5087656E+002, 1.8077835E+002, 1.1093662E-001, 1.2635447E-003
 1.5104173E+002, 1.7998004E+002, 1.1088227E-001, 1.2641608E-003
 1.5120690E+002, 1.7912673E+002, 1.1084702E-001, 1.2643662E-003
 1.5143263E+002, 1.7799413E+002, 1.1081242E-001, 1.2641332E-003
 1.5161432E+002, 1.7665380E+002, 1.1071092E-001, 1.2623508E-003
 1.5179601E+002, 1.7494423E+002, 1.1034648E-001, 1.2575433E-003
 1.5195188E+002, 1.7292985E+002, 1.0976616E-001, 1.2510558E-003
 1.5210776E+002, 1.7065574E+002, 1.0898511E-001, 1.2431629E-003
 1.5231560E+002, 1.6769994E+002, 1.0785642E-001, 1.2324583E-003
 1.5250533E+002, 1.6463424E+002, 1.0669275E-001, 1.2216435E-003
 1.5264311E+002, 1.6275022E+002, 1.0603428E-001, 1.2152817E-003
 1.5282681E+002, 1.6170593E+002, 1.0572703E-001, 1.2123681E-003
 1.5301510E+002, 1.6114557E+002, 1.0566045E-001, 1.2117660E-003
 1.5323233E+002, 1.6097546E+002, 1.0575528E-001, 1.2126622E-003
 1.5339904E+002, 1.6111608E+002, 1.0604467E-001, 1.2157611E-003
 1.5356574E+002, 1.6154212E+002, 1.0650917E-001, 1.2215103E-003
 1.5372411E+002, 1.6218844E+002, 1.0725129E-001, 1.2306431E-003
 1.5391301E+002, 1.6276174E+002, 1.0815524E-001, 1.2430867E-003
 1.5411608E+002, 1.6306430E+002, 1.0898140E-001, 1.2557620E-003
 1.5427192E+002, 1.6305751E+002, 1.0943642E-001, 1.2634193E-003
 1.5444335E+002, 1.6294647E+002, 1.0963803E-001, 1.2668910E-003
 1.5467191E+002, 1.6272922E+002, 1.0971575E-001, 1.2683085E-003
 1.5484334E+002, 1.6240966E+002, 1.0969668E-001, 1.2681660E-003
 1.5499353E+002, 1.6210983E+002, 1.0967464E-001, 1.2677804E-003
 1.5519377E+002, 1.6141113E+002, 1.0954241E-001, 1.2661891E-003
 1.5534396E+002, 1.6036680E+002, 1.0923334E-001, 1.2624206E-003
 1.5554420E+002, 1.5918723E+002, 1.0885818E-001, 1.2576580E-003
 1.5570440E+002, 1.5787000E+002, 1.0842111E-001, 1.2521541E-003
 1.5592467E+002, 1.5671046E+002, 1.0799005E-001, 1.2465613E-003
 1.5608988E+002, 1.5610140E+002, 1.0775807E-001, 1.2435597E-003
 1.5625508E+002, 1.5608357E+002, 1.0776808E-001, 1.2452860E-003
 1.5642028E+002, 1.5641533E+002, 1.0792457E-001, 1.2517543E-003
 1.5664055E+002, 1.5671238E+002, 1.0800222E-001, 1.2641072E-003
 1.5680576E+002, 1.5685146E+002, 1.0794206E-001, 1.2769673E-003
 1.5697096E+002, 1.5696402E+002, 1.0789070E-001, 1.2853270E-003
 1.5714167E+002, 1.5699965E+002, 1.0785695E-001, 1.2901119E-003
 1.5732339E+002, 1.5682671E+002, 1.0783829E-001, 1.2917402E-003
 1.5750512E+002, 1.5631725E+002, 1.0784043E-001, 1.2922138E-003
 1.5771570E+002, 1.5498943E+002, 1.0788093E-001, 1.2916500E-003
 1.5786570E+002, 1.5287449E+002, 1.0785426E-001, 1.2887841E-003
 1.5808071E+002, 1.4997990E+002, 1.0765583E-001, 1.2840207E-003
 1.5824572E+002, 1.4710996E+002, 1.0724858E-001, 1.2776540E-003
 1.5841072E+002, 1.4509011E+002, 1.0687333E-001, 1.2724500E-003
 1.5863073E+002, 1.4358501E+002, 1.0657890E-001, 1.2685232E-003
 1.5880124E+002, 1.4276931E+002, 1.0648206E-001, 1.2671060E-003
 1.5898275E+002, 1.4247590E+002, 1.0660147E-001, 1.2684084E-003
 1.5916425E+002, 1.4236009E+002, 1.0681882E-001, 1.2707865E-003
 1.5934576E+002, 1.4244149E+002, 1.0712048E-001, 1.2742017E-003
 1.5951882E+002, 1.4277262E+002, 1.0741708E-001, 1.2775470E-003
 1.5967499E+002, 1.4335763E+002, 1.0765659E-001, 1.2809259E-003
 1.5989363E+002, 1.4410454E+002, 1.0787062E-001, 1.2843952E-003
 1.6006542E+002, 1.4471583E+002, 1.0802624E-001, 1.2867400E-003
 1.6023721E+002, 1.4503445E+002, 1.0811025E-001, 1.2876970E-003
 1.6038384E+002, 1.4511607E+002, 1.0815159E-001, 1.2881570E-003
 1.6056122E+002, 1.4506452E+002, 1.0817285E-001, 1.2883181E-003
 1.6078170E+002, 1.4454057E+002, 1.0821896E-001, 1.2876683E-003
 1.6095877E+002, 1.4334283E+002, 1.0827453E-001, 1.2857680E-003
 1.6111613E+002, 1.4184670E+002, 1.0830476E-001, 1.2829666E-003
 1.6131281E+002, 1.4013620E+002, 1.0831749E-001, 1.2791093E-003
 1.6146032E+002, 1.3862960E+002, 1.0823759E-001, 1.2752803E-003
 1.6168749E+002, 1.3709687E+002, 1.0797007E-001, 1.2711106E-003
 1.6186598E+002, 1.3567341E+002, 1.0763314E-001, 1.2668535E-003
 1.6204447E+002, 1.3495453E+002, 1.0744178E-001, 1.2646917E-003
 1.6222296E+002, 1.3476374E+002, 1.0737529E-001, 1.2641312E-003
 1.6240144E+002, 1.3502148E+002, 1.0741124E-001, 1.2647853E-003
 1.6257993E+002, 1.3542065E+002, 1.0744699E-001, 1.2654418E-003
 1.6275842E+002, 1.3556566E+002, 1.0739021E-001, 1.2650294E-003
 1.6293691E+002, 1.3520068E+002, 1.0720272E-001, 1.2631852E-003
 1.6311540E+002, 1.3406888E+002, 1.0678483E-001, 1.2592690E-003
 1.6329389E+002, 1.3238700E+002, 1.0636815E-001, 1.2568892E-003
 1.6347238E+002, 1.3097375E+002, 1.0615532E-001, 1.2581567E-003
 1.6365086E+002, 1.3009811E+002, 1.0612330E-001, 1.2606729E-003
 1.6382935E+002, 1.2973246E+002, 1.0620666E-001, 1.2624783E-003
 1.6400784E+002, 1.2975384E+002, 1.0634258E-001, 1.2642210E-003
 1.6418633E+002, 1.2990737E+002, 1.0649386E-001, 1.2656525E-003
 1.6436482E+002, 1.2995779E+002, 1.0661478E-001, 1.2662957E-003
 1.6454331E+002, 1.2994478E+002, 1.0668468E-001, 1.2665967E-003
 1.6472179E+002, 1.2986727E+002, 1.0672248E-001, 1.2667355E-003
 1.6490028E+002, 1.2972506E+002, 1.0674402E-001, 1.2666728E-003
 1.6507877E+002, 1.2952104E+002, 1.0676620E-001, 1.2667318E-003
 1.6525726E+002, 1.2927145E+002, 1.0682298E-001, 1.2673361E-003
 1.6543575E+002, 1.2898765E+002, 1.0687602E-001, 1.2679323E-003
 1.6561424E+002, 1.2867307E+002, 1.0689172E-001, 1.2680717E-003
 1.6579272E+002, 1.2838007E+002, 1.0687177E-001, 1.2678253E-003
 1.6597121E+002, 1.2815210E+002, 1.0683793E-001, 1.2674187E-003
 1.6619104E+002, 1.2793197E+002, 1.0678357E-001, 1.2667455E-003
 1.6635137E+002, 1.2773169E+002, 1.0671809E-001, 1.2660871E-003
 1.6651170E+002, 1.2757155E+002, 1.0666648E-001, 1.2655334E-003
 1.6668806E+002, 1.2740806E+002, 1.0663085E-001, 1.2649432E-003
 1.6686442E+002, 1.2724596E+002, 1.0661425E-001, 1.2644403E-003
 1.6704078E+002, 1.2707762E+002, 1.0661306E-001, 1.2640690E-003
 1.6727593E+002, 1.2685350E+002, 1.0662125E-001, 1.2637608E-003
 1.6745229E+002, 1.2658785E+002, 1.0663113E-001, 1.2635374E-003
 1.6762865E+002, 1.2633057E+002, 1.0663981E-001, 1.2634511E-003
 1.6780502E+002, 1.2604678E+002, 1.0664571E-001, 1.2634393E-003
 1.6798138E+002, 1.2572814E+002, 1.0664725E-001, 1.2634403E-003
 1.6815774E+002, 1.2536969E+002, 1.0664185E-001, 1.2633710E-003
 1.6833410E+002, 1.2496075E+002, 1.0662150E-001, 1.2631157E-003
 1.6851046E+002, 1.2447325E+002, 1.0658351E-001, 1.2626483E-003
 1.6868683E+002, 1.2392328E+002, 1.0653670E-001, 1.2620897E-003
 1.6886319E+002, 1.2333167E+002, 1.0647695E-001, 1.2614218E-003
 1.6905719E+002, 1.2269653E+002, 1.0639113E-001, 1.2604194E-003
 1.6925118E+002, 1.2208921E+002, 1.0630298E-001, 1.2592801E-003
 1.6938052E+002, 1.2163971E+002, 1.0625763E-001, 1.2586051E-003
 1.6956751E+002, 1.2125072E+002, 1.0626224E-001, 1.2584116E-003
 1.6974048E+002, 1.2082518E+002, 1.0631325E-001, 1.2587122E-003
 1.6997111E+002, 1.2034267E+002, 1.0642030E-001, 1.2595974E-003
 1.7014408E+002, 1.1985591E+002, 1.0655752E-001, 1.2608445E-003
 1.7031705E+002, 1.1936111E+002, 1.0667566E-001, 1.2622253E-003
 1.7049003E+002, 1.1877965E+002, 1.0678925E-001, 1.2635973E-003
 1.7066300E+002, 1.1817913E+002, 1.0690148E-001, 1.2650418E-003
 1.7085327E+002, 1.1763390E+002, 1.0702762E-001, 1.2667106E-003
 1.7104354E+002, 1.1725982E+002, 1.0716660E-001, 1.2686052E-003
 1.7122589E+002, 1.1706433E+002, 1.0728336E-001, 1.2703678E-003
 1.7139239E+002, 1.1696140E+002, 1.0736630E-001, 1.2715206E-003
 1.7155889E+002, 1.1688747E+002, 1.0741638E-001, 1.2721558E-003
 1.7175232E+002, 1.1685242E+002, 1.0745465E-001, 1.2725745E-003
 1.7191239E+002, 1.1683926E+002, 1.0747663E-001, 1.2728363E-003
 1.7208793E+002, 1.1681047E+002, 1.0747906E-001, 1.2728582E-003
 1.7226348E+002, 1.1669718E+002, 1.0746785E-001, 1.2727003E-003
 1.7249753E+002, 1.1645105E+002, 1.0746547E-001, 1.2726306E-003
 1.7262626E+002, 1.1620520E+002, 1.0748886E-001, 1.2727665E-003
 1.7281936E+002, 1.1601223E+002, 1.0752360E-001, 1.2730987E-003
 1.7301245E+002, 1.1570527E+002, 1.0757117E-001, 1.2735566E-003
 1.7318205E+002, 1.1533730E+002, 1.0763215E-001, 1.2739158E-003
 1.7335730E+002, 1.1496931E+002, 1.0769069E-001, 1.2743085E-003
 1.7354385E+002, 1.1455952E+002, 1.0774743E-001, 1.2746918E-003
 1.7373041E+002, 1.1411176E+002, 1.0778911E-001, 1.2748796E-003
 1.7391696E+002, 1.1366133E+002, 1.0781456E-001, 1.2748981E-003
 1.7410352E+002, 1.1324587E+002, 1.0783384E-001, 1.2748000E-003
 1.7429007E+002, 1.1287262E+002, 1.0784737E-001, 1.2746364E-003
 1.7447663E+002, 1.1254759E+002, 1.0785360E-001, 1.2743886E-003
 1.7460099E+002, 1.1229715E+002, 1.0784893E-001, 1.2741087E-003
 1.7480621E+002, 1.1204222E+002, 1.0782661E-001, 1.2736574E-003
 1.7501142E+002, 1.1174631E+002, 1.0778105E-001, 1.2730171E-003
 1.7514822E+002, 1.1150689E+002, 1.0773006E-001, 1.2724409E-003
 1.7535343E+002, 1.1126917E+002, 1.0766675E-001, 1.2718098E-003
 1.7555864E+002, 1.1098635E+002, 1.0758162E-001, 1.2709574E-003
 1.7569545E+002, 1.1074713E+002, 1.0750780E-001, 1.2701806E-003
 1.7590066E+002, 1.1049509E+002, 1.0743979E-001, 1.2693679E-003
 1.7610587E+002, 1.1018781E+002, 1.0737449E-001, 1.2682554E-003
 1.7624268E+002, 1.0991341E+002, 1.0731230E-001, 1.2671314E-003
 1.7644789E+002, 1.0936259E+002, 1.0716778E-001, 1.2647508E-003
 1.7658469E+002, 1.0788674E+002, 1.0656766E-001, 1.2557807E-003
 1.7680660E+002, 1.0462930E+002, 1.0476198E-001, 1.2309419E-003
 1.7698412E+002, 9.9627832E+001, 1.0144144E-001, 1.1874239E-003
 1.7716719E+002, 9.6260755E+001, 9.9020797E-002, 1.1562625E-003
 1.7736247E+002, 9.5021200E+001, 9.8138470E-002, 1.1448192E-003
 1.7749672E+002, 9.5882377E+001, 9.8802372E-002, 1.1523624E-003
 1.7769810E+002, 9.8789172E+001, 1.0108260E-001, 1.1798377E-003
 1.7789948E+002, 1.0190941E+002, 1.0384051E-001, 1.2123760E-003
 1.7803373E+002, 1.0317357E+002, 1.0513206E-001, 1.2273976E-003
 1.7823511E+002, 1.0361508E+002, 1.0574385E-001, 1.2334933E-003
 1.7843649E+002, 1.0355696E+002, 1.0615134E-001, 1.2367478E-003
 1.7857074E+002, 1.0324302E+002, 1.0636125E-001, 1.2375037E-003
 1.7876201E+002, 1.0292296E+002, 1.0651797E-001, 1.2376341E-003
 1.7893308E+002, 1.0261546E+002, 1.0657003E-001, 1.2373209E-003
 1.7910986E+002, 1.0225011E+002, 1.0647922E-001, 1.2359570E-003
 1.7929804E+002, 1.0174781E+002, 1.0626453E-001, 1.2335398E-003
 1.7948621E+002, 1.0115829E+002, 1.0598417E-001, 1.2306492E-003
 1.7967439E+002, 1.0056192E+002, 1.0573495E-001, 1.2281962E-003
 1.7984198E+002, 1.0004085E+002, 1.0558154E-001, 1.2269422E-003
 1.8000000E+002, 9.9576347E+001, 1.0548656E-001, 1.2266077E-003
