,,s,s,s
Time Step,Wall Time,Step Size,Simulation Time,CPU Time
       1,2025-07-15T09:38:49.136+09:00, 0.922E-01,   0.09218, 0.22344E+01
       2,2025-07-15T09:38:49.161+09:00, 0.922E-01,   0.18437, 0.22969E+01
       3,2025-07-15T09:38:49.192+09:00, 0.922E-01,   0.27655, 0.24062E+01
       4,2025-07-15T09:38:49.219+09:00, 0.922E-01,   0.36873, 0.25312E+01
       5,2025-07-15T09:38:49.245+09:00, 0.922E-01,   0.46091, 0.26562E+01
       6,2025-07-15T09:38:49.277+09:00, 0.922E-01,   0.55310, 0.27812E+01
       7,2025-07-15T09:38:49.306+09:00, 0.544E-01,   0.60750, 0.29062E+01
       8,2025-07-15T09:38:49.332+09:00, 0.483E-01,   0.65575, 0.29688E+01
       9,2025-07-15T09:38:49.367+09:00, 0.415E-01,   0.69728, 0.31562E+01
      10,2025-07-15T09:38:49.399+09:00, 0.370E-01,   0.73431, 0.32812E+01
      20,2025-07-15T09:38:49.665+09:00, 0.227E-01,   1.01412, 0.43125E+01
      30,2025-07-15T09:38:49.922+09:00, 0.181E-01,   1.21691, 0.53125E+01
      40,2025-07-15T09:38:50.170+09:00, 0.163E-01,   1.38722, 0.62969E+01
      50,2025-07-15T09:38:50.420+09:00, 0.141E-01,   1.54150, 0.72969E+01
      60,2025-07-15T09:38:50.674+09:00, 0.141E-01,   1.68261, 0.82969E+01
      70,2025-07-15T09:38:50.906+09:00, 0.141E-01,   1.82371, 0.92344E+01
      80,2025-07-15T09:38:51.161+09:00, 0.141E-01,   1.96482, 0.10219E+02
      90,2025-07-15T09:38:51.427+09:00, 0.141E-01,   2.10593, 0.11281E+02
     100,2025-07-15T09:38:51.684+09:00, 0.141E-01,   2.24704, 0.12328E+02
     200,2025-07-15T09:38:54.346+09:00, 0.853E-02,   3.27504, 0.22906E+02
     300,2025-07-15T09:38:57.057+09:00, 0.908E-02,   4.19177, 0.33766E+02
     400,2025-07-15T09:38:59.740+09:00, 0.107E-01,   5.13990, 0.44312E+02
     500,2025-07-15T09:39:02.423+09:00, 0.101E-01,   6.14010, 0.55016E+02
     600,2025-07-15T09:39:05.156+09:00, 0.108E-01,   7.20953, 0.65953E+02
     700,2025-07-15T09:39:07.925+09:00, 0.878E-02,   8.23388, 0.76938E+02
     800,2025-07-15T09:39:10.666+09:00, 0.106E-01,   9.27006, 0.87781E+02
     900,2025-07-15T09:39:13.445+09:00, 0.115E-01,  10.38729, 0.98797E+02
    1000,2025-07-15T09:39:16.143+09:00, 0.109E-01,  11.46613, 0.10950E+03
    1100,2025-07-15T09:39:18.915+09:00, 0.116E-01,  12.63555, 0.12048E+03
    1200,2025-07-15T09:39:21.757+09:00, 0.126E-01,  13.85867, 0.13172E+03
    1300,2025-07-15T09:39:24.518+09:00, 0.133E-01,  15.12909, 0.14267E+03
    1400,2025-07-15T09:39:27.306+09:00, 0.141E-01,  16.44042, 0.15375E+03
    1500,2025-07-15T09:39:30.105+09:00, 0.127E-01,  17.80590, 0.16480E+03
    1600,2025-07-15T09:39:32.944+09:00, 0.132E-01,  19.17928, 0.17594E+03
    1700,2025-07-15T09:39:35.714+09:00, 0.136E-01,  20.59514, 0.18705E+03
    1800,2025-07-15T09:39:38.542+09:00, 0.127E-01,  21.90772, 0.19831E+03
    1900,2025-07-15T09:39:41.432+09:00, 0.137E-01,  23.22645, 0.20975E+03
    2000,2025-07-15T09:39:44.329+09:00, 0.129E-01,  24.56797, 0.22128E+03
    2100,2025-07-15T09:39:47.203+09:00, 0.143E-01,  25.89955, 0.23270E+03
    2200,2025-07-15T09:39:50.056+09:00, 0.137E-01,  27.26987, 0.24411E+03
    2300,2025-07-15T09:39:52.902+09:00, 0.134E-01,  28.61514, 0.25538E+03
    2400,2025-07-15T09:39:55.769+09:00, 0.137E-01,  29.96871, 0.26677E+03
    2500,2025-07-15T09:39:58.603+09:00, 0.152E-01,  31.35692, 0.27798E+03
    2600,2025-07-15T09:40:01.456+09:00, 0.126E-01,  32.79201, 0.28927E+03
    2700,2025-07-15T09:40:04.365+09:00, 0.966E-02,  34.20596, 0.30067E+03
    2800,2025-07-15T09:40:07.219+09:00, 0.127E-01,  35.54770, 0.31198E+03
    2900,2025-07-15T09:40:10.117+09:00, 0.131E-01,  36.99240, 0.32356E+03
    3000,2025-07-15T09:40:13.012+09:00, 0.136E-01,  38.42395, 0.33505E+03
    3100,2025-07-15T09:40:15.898+09:00, 0.146E-01,  39.83098, 0.34650E+03
    3200,2025-07-15T09:40:18.789+09:00, 0.143E-01,  41.30449, 0.35803E+03
    3300,2025-07-15T09:40:21.612+09:00, 0.123E-01,  42.68077, 0.36922E+03
    3400,2025-07-15T09:40:24.474+09:00, 0.112E-01,  44.07891, 0.38059E+03
    3500,2025-07-15T09:40:27.299+09:00, 0.142E-01,  45.43386, 0.39184E+03
    3600,2025-07-15T09:40:30.140+09:00, 0.130E-01,  46.82937, 0.40319E+03
    3700,2025-07-15T09:40:33.007+09:00, 0.125E-01,  48.23751, 0.41455E+03
    3800,2025-07-15T09:40:35.799+09:00, 0.109E-01,  49.57782, 0.42564E+03
    3900,2025-07-15T09:40:38.618+09:00, 0.146E-01,  50.92743, 0.43688E+03
    4000,2025-07-15T09:40:41.479+09:00, 0.141E-01,  52.36775, 0.44827E+03
    4100,2025-07-15T09:40:44.299+09:00, 0.119E-01,  53.68495, 0.45930E+03
    4200,2025-07-15T09:40:47.177+09:00, 0.137E-01,  55.00904, 0.47070E+03
    4300,2025-07-15T09:40:49.973+09:00, 0.142E-01,  56.38993, 0.48186E+03
    4400,2025-07-15T09:40:52.750+09:00, 0.141E-01,  57.75085, 0.49292E+03
    4500,2025-07-15T09:40:55.525+09:00, 0.131E-01,  59.12941, 0.50395E+03
    4566,2025-07-15T09:40:57.367+09:00, 0.115E-01,  60.00000, 0.51131E+03
